Hu_0,Hu_1,Hu_2,Hu_3,Hu_4,Hu_5,Hu_6,label
0.1561168694842566,-0.5462315081509638,-0.5405884647814397,-0.5976912680105995,-0.11099694233251285,0.45662719583343775,0.01850801134334268,0
0.15972822428996847,-0.5440103552660805,-0.5404889400610374,-0.5971297685858201,-0.11099713138095751,0.4565492177216875,0.018508158549638942,0
0.17376425300744397,-0.5422881100984602,-0.5400833419072156,-0.5956179055604067,-0.11099653106262337,0.4567776690175934,0.018509805667070566,0
0.14952869597663515,-0.5553277855437831,-0.5385886779219855,-0.579222303598407,-0.11097715093315913,0.45600027310252583,0.018569823902047384,0
1.3915261737037505,0.2496341574667862,-0.5346233822786151,-0.5797607273794331,-0.11090007414306037,0.46987974679695566,0.01855314875165633,0
1.4260243179267569,0.04785255580211119,-0.5246619929454907,-0.5766867017822471,-0.11120071123818442,0.449439985431448,0.018428635888959446,0
1.4015846013964304,0.13237040810324133,-0.5331675057234299,-0.5882710273059191,-0.11100633778602356,0.4614788424529847,0.018461570752216577,0
1.4508665578939917,-0.08705732993134134,-0.5340469675303767,-0.5976674988260475,-0.11099776343464272,0.456613770371689,0.018507931957382547,0
1.452123449525811,0.0009595026420016027,-0.5249955389917761,-0.595051747640337,-0.11099066985523658,0.4583687273742152,0.018496495934754456,0
1.5077563196580954,-0.03836010769495323,-0.5395844881865971,-0.5718982456960937,-0.11094677991895836,0.4715579073371401,0.018450189608991203,0
1.4438597303572034,-0.11464402744998857,-0.5403961388792271,-0.5771113276062897,-0.1110244004997232,0.4531294630106919,0.018511880915125633,0
1.4882873085167418,-0.2789166533948696,-0.5383488777283777,-0.5627017153370312,-0.11115644757499402,0.4655515822483181,0.018580973552373606,0
1.5540249241167199,0.03052788195052263,-0.5363301775961291,-0.5485827907406556,-0.11060116266978827,0.4868529210680239,0.018527932304836174,0
1.501818228097837,-0.4188660481117872,-0.5320080660171762,-0.5668389651803186,-0.11123074598957505,0.4475235073712281,0.01866450766433516,0
0.15196809225338112,-0.5566664498255188,-0.5393306033914055,-0.5795111427303694,-0.11098606408065625,0.45653115382703985,0.01855768499849088,0
1.4957744533598945,-0.3122273128294868,-0.5403496844161073,-0.5919299246228387,-0.11099545586200085,0.45519396423823383,0.018503154557900015,0
1.5038462396702852,-0.3001169603643323,-0.5387674701564563,-0.5535114514764772,-0.11118514682076666,0.47229155544479556,0.018387007487513075,0
1.4633034397758782,-0.2717913409858958,-0.5353569725461103,-0.5351748867684148,-0.11093239793137968,0.4589522290759914,0.017890483023026708,0
1.546834845908465,-0.3126563731065063,-0.5336930635818536,-0.590850006961382,-0.11101750895714887,0.45720362561207073,0.018486847009160104,0
1.5100194390563741,-0.49834257486471323,-0.538083830536455,-0.5619796113333121,-0.11083632117532916,0.46294619133904097,0.01840513955491413,0
1.4812043635296834,-0.42962110584775975,-0.5319048261829087,-0.5580580336407374,-0.11105934675688897,0.44621311300391553,0.01890957720211206,0
1.4748184832844486,-0.4521486979846098,-0.5336231957504638,-0.5290811286464617,-0.11141025346422503,0.47328184651378213,0.017796604741392445,0
1.500345220498973,-0.48722811587969533,-0.5287281895178809,-0.5624480328327321,-0.11059767944334951,0.46459845440407943,0.018453501774247115,0
1.4944301283135295,-0.5154423085033978,-0.5366856790885943,-0.5823620109357219,-0.11102872838353196,0.4578506473600151,0.01844692432069837,0
1.4917596163090474,-0.5609079742561844,-0.5388352062259534,-0.4838346087386947,-0.11069500918407885,0.4575413505998167,0.01766990971123051,0
0.13644196896658928,-0.5548082612835359,-0.5374826173207685,-0.5919551484178251,-0.11099140270839658,0.4564543878482531,0.01852260848774683,0
1.4532510016500062,-0.5190744058838688,-0.5358115246811188,-0.526385254135471,-0.11154167497836155,0.44628652083578485,0.018987158799992923,0
1.508105134574331,-0.49855702238604443,-0.5386146748778002,-0.5527510777317596,-0.11076390793018064,0.45989286110010547,0.018454354569635813,0
1.4445713895031087,-0.5165105770309557,-0.5372780806150915,-0.5591324315209352,-0.11112747158313285,0.4496309886161321,0.01871339043602469,0
1.4342032469413406,-0.5274057698533982,-0.538908872376553,-0.5461917269332152,-0.11080177811452252,0.46039647442386067,0.018693891136727456,0
1.4466594188762132,-0.498850008301421,-0.53593137130085,-0.5980379394634545,-0.11099699137163559,0.45674702906130865,0.018507702174444318,0
1.4824623693687673,-0.3756347591555393,-0.533712957313442,-0.597351587709554,-0.11099704101545137,0.4566405492971363,0.018509444963842082,0
1.4322614590207943,-0.3251617376049122,-0.5332345988544104,-0.5700944883798423,-0.11081458273678156,0.4546580243460653,0.018633617100532164,0
1.4274603533082324,-0.3655946573839882,-0.533321880375084,-0.5968913700935062,-0.110995713474511,0.4561678466400866,0.018505511150498383,0
1.4538301295330496,-0.37059185398598954,-0.5295969460928044,-0.5735550021333703,-0.111216575104858,0.4510015654377324,0.018470447566048792,0
1.4295229664539988,-0.20585073927977313,-0.5224699622887364,-0.5923185421959299,-0.11097514315211304,0.45502323429150643,0.018534597122929278,0
0.13677586277039677,-0.5478868412989657,-0.5394237475427368,-0.5873951187636105,-0.11099338278970053,0.4563718737403171,0.0185294877255647,0
1.408608174388507,-0.10884665827894509,-0.5121096988669376,-0.5330971649957057,-0.11126891247645773,0.4270292517916705,0.019994486278561145,0
1.3606823435492243,-0.08210454576718024,-0.5239356660521788,-0.5693827608329785,-0.11067267696814191,0.45105558853350924,0.018627312824412778,0
1.3994916787403873,-0.20264026253462097,-0.5299818917799854,-0.5818424361067962,-0.11090954183173932,0.4645326811445435,0.018588186920807687,0
1.3067946607238021,-0.05773436785598044,-0.5264759074123452,-0.5763685862195339,-0.11078658597762969,0.46060012160321173,0.018521575262277205,0
1.3340117102568465,-0.06966421737638982,-0.5225142775159723,-0.5477742835565225,-0.1101679777254544,0.46680329076374133,0.018460666327935814,0
1.3405363925000213,0.1819346543949655,-0.5347182172418525,-0.5540462089820611,-0.11111567374194135,0.4783284878411483,0.018875615957610798,0
1.2519673385896233,0.13579387051799685,-0.5275096032188898,-0.5528977427309205,-0.1104217526825928,0.45244655591448624,0.018685186322533992,0
1.254553396248196,0.26633428807467674,-0.5283922380330554,-0.5398435717260308,-0.11145494427112353,0.41873210843080355,0.019216216771544583,0
1.2723912641691502,0.27209751539384847,-0.5386555922783087,-0.5686214575820351,-0.11087222998525142,0.4706421956526005,0.01850303293123187,0
1.2373232959595482,0.37255409168890774,-0.5366660277909031,-0.5673938361845146,-0.11088077078554863,0.4802199932625788,0.018362931569175147,0
0.13199122852491443,-0.5509534139152875,-0.5385915325036305,-0.5898162277062898,-0.11098664255178835,0.4564497235364372,0.018524494465484147,0
1.2254035212055223,0.23764597718969344,-0.524066224337764,-0.560721598147476,-0.11123484377566173,0.48262496885266243,0.018061458707865935,0
1.2274702373189446,0.29811171562883765,-0.5305443194828438,-0.5922612369233657,-0.11098299224654198,0.4569020720807266,0.018529906732004255,0
1.2184013636469468,0.19751648159626584,-0.5201215082461631,-0.5571362464686316,-0.1115285024074378,0.4427264180508025,0.018878295924105726,0
1.242485877273858,-0.0840878944107762,-0.5286492027376167,-0.5874718984211188,-0.11092916206371935,0.4618488021929852,0.018509796328154842,0
1.3161071196268423,0.030078005563275886,-0.5384242483176411,-0.5958862497585866,-0.11099395775650155,0.4571932048081771,0.018509276544288134,0
1.3057314799700341,0.0522836491622197,-0.5364932960331542,-0.5766977574926987,-0.11104260284299551,0.4494647175071451,0.018608938126172005,0
1.346180801882464,-0.0306925597922644,-0.5339318746393571,-0.5416497459119866,-0.11157076997592298,0.424633488923752,0.01833345524570992,0
1.3143037679203553,0.10255112294620493,-0.5389778447721307,-0.5730512604906965,-0.11091785664638801,0.4539296024955751,0.018465709818329668,0
1.3172927272392714,0.033708308612280025,-0.5379924471047235,-0.5766769376646144,-0.11092617308998398,0.4686797802219361,0.018562449717483442,0
1.333995688076878,-0.023904040216944072,-0.5387474423183785,-0.5553010480308286,-0.11089806343892708,0.47998004026569324,0.018693909653588622,0
0.1439153219952934,-0.5511452822260596,-0.5355043322907987,-0.5802904046078692,-0.11093286752761702,0.4565911322239457,0.018577103069272842,0
1.4198613388266612,-0.1600623359940942,-0.5380397139277451,-0.5782644114253066,-0.11095276369984348,0.4662796279542893,0.018442727669841327,0
1.4163968801583293,-0.11052423367833936,-0.5345265362423588,-0.5669705567599663,-0.1112151936868233,0.4400457037978327,0.01859737551521729,0
1.408047202258932,-0.22483580453547197,-0.5369169965823151,-0.5535810722267747,-0.11077161277246271,0.47700064128706965,0.018725166220682297,0
1.357948013182189,-0.21354516234925608,-0.5344322262110538,-0.5465319551532742,-0.11059761421132859,0.477317833119324,0.018813620274765214,0
1.4335730009179068,-0.45261686913382976,-0.5397277261726534,-0.5858485254603515,-0.11102014956945935,0.4539669476900103,0.018505917706384194,0
1.492911985939805,-0.3985654095217913,-0.5385386433848648,-0.5983578535926661,-0.1109968975297552,0.4567062064467099,0.018507937295210854,0
1.4411579350703727,-0.4864056250664708,-0.5373008220094462,-0.5173660279512555,-0.11049163175440707,0.46773383249457284,0.01902184293111627,0
1.4857944940776062,-0.5225979807762516,-0.5308055931398644,-0.5898177853073449,-0.11097264444925167,0.4567516197785678,0.018542760760849708,0
1.4779417200765834,-0.47459968457323987,-0.5369587342200062,-0.5830672517090791,-0.1110330944404797,0.45326063301421926,0.01845740450651578,0
1.4628425154949227,-0.5302290596105652,-0.5378903992829572,-0.583539785376139,-0.1109452335389799,0.45441966504933734,0.018508659203374554,0
0.14724774303880506,-0.5524861652418935,-0.5390867127912095,-0.5939051500050818,-0.11099068233428508,0.45682539028547975,0.018509794011637055,0
1.4912419490231377,-0.5314223279179126,-0.5337535617587156,-0.5971932425230799,-0.11099531581445754,0.4565116005990801,0.01850896239305056,0
1.4470162199305312,-0.533592276427192,-0.526921633796057,-0.5932886847137689,-0.11101862421275434,0.45593656829765017,0.018499959670164302,0
1.5239673141791021,-0.5310757949912949,-0.5363073190781831,-0.5917127755458764,-0.11097736576567568,0.457098413366125,0.018508651002635282,0
1.452862327708543,-0.5297345792355388,-0.5326593857840489,-0.5904303277745523,-0.11098175510102837,0.45778771879883506,0.018538577508418447,0
1.4733550836967606,-0.5450503254952801,-0.5311132339303203,-0.5567810266604521,-0.11073994581467982,0.4591142320248722,0.018143299136485082,0
1.476214851528867,-0.5114290747777044,-0.539560016932647,-0.5764627492361778,-0.11096164256939461,0.45969551045439444,0.018554236451977034,0
1.4058083819720302,-0.5132805754306174,-0.539588656328031,-0.5900376880209833,-0.11099424941921877,0.4557848648106838,0.01849472309977459,0
1.4672357832285752,-0.5581583080590397,-0.5325108908017486,-0.5936414253479582,-0.11101230063596862,0.45688715071382585,0.018512341592469478,0
1.4601926195123245,-0.5191897342240309,-0.5394387832620766,-0.5841377367708414,-0.11102896883945451,0.4585471526547473,0.018503963020879415,0
1.459399313380029,-0.4871862081531586,-0.5314103464264883,-0.46129656497127264,-0.10851947840936181,0.4864603166379147,0.017597210207036456,0
0.13889903796251069,-0.5426652358453552,-0.5383586478940917,-0.5973101272709541,-0.11099744162950245,0.45672359913387245,0.018508684686758713,0
1.3883696666288448,-0.46896308321836744,-0.5256515679385724,-0.5923626495075487,-0.11098797507545385,0.45522591065762225,0.018478433328650023,0
1.4514056832422146,-0.5561303177047193,-0.5325848627479783,-0.5872180104457605,-0.11101692839387316,0.45769980876189914,0.018454549514535314,0
1.4408046061893776,-0.5043690280468708,-0.5308917609349059,-0.5485603447998525,-0.11125126108480227,0.46671775499032564,0.017975080676643797,0
1.4721043443609487,-0.5455933410103073,-0.5235776679913022,-0.5886560963134582,-0.11093418478931137,0.45727321655480846,0.01853404383192032,0
1.4553212713884334,-0.5443732777269275,-0.5227402549164871,-0.5752902304649817,-0.11074241867431782,0.45837632604116385,0.01850877950621672,0
1.4877396751403276,-0.5483290722135389,-0.5183711626110772,-0.5916133715383866,-0.11095173273119976,0.4572753468478025,0.01850733128831052,0
1.44990225362529,-0.5344813774281449,-0.5199734381852719,-0.5710822017409442,-0.1107156159415146,0.45973896560310623,0.018299381546006577,0
1.481512275576718,-0.5556487094390755,-0.5230698874679123,-0.5969547461172988,-0.1109933497569815,0.4567736831332396,0.018506219395941038,0
1.475730100580464,-0.5352571620806494,-0.5264230404442339,-0.5965487845738712,-0.1109928748431024,0.45681974891469307,0.01850475528264994,0
1.4505098934041878,-0.5637577697073533,-0.5219124963645674,-0.5809900866115134,-0.1109094651142727,0.4556543489270093,0.018652536604421774,0
0.15441006828101772,-0.541588419741327,-0.5385331112001857,-0.5878667298015169,-0.11101961474600952,0.45564677336397186,0.01849343774916232,0
1.4580568412605386,-0.5213339788274962,-0.5368433332522513,-0.5759467502490135,-0.1108936809348782,0.4529937408370423,0.018552477623303285,0
1.4568462056216416,-0.5443378216342845,-0.5316118962103145,-0.5969662720755667,-0.11099949848532198,0.45663483766132795,0.018506940376941634,0
1.4308258898223738,-0.42598232135784864,-0.5330661793711603,-0.5458692109675106,-0.11072742623947543,0.47103859796989644,0.0180128661959572,0
1.4269885886279017,-0.44421145123110417,-0.529920913938451,-0.5810014089361348,-0.11099243326825735,0.46129513044591636,0.018380554398578868,0
1.3787263322710153,-0.338289855014244,-0.5299995127640705,-0.5761195422440647,-0.11095051611749121,0.4527106350838518,0.01868614396672966,0
1.4102108192249891,-0.30237630638001817,-0.5316540489923135,-0.5790250621029615,-0.11111756661019458,0.45953902172859734,0.018575290417189486,0
1.3803692715217046,-0.06997501552749986,-0.5371316946082478,-0.5881306372378464,-0.11102476636177942,0.4512126619764588,0.01852630926131783,0
1.3732684609224597,-0.15063059892704325,-0.5397400184491012,-0.5960592813285996,-0.1109978947646102,0.4568574319368687,0.018506375937455518,0
1.3347240917637586,-0.17117405243959538,-0.5401598474145746,-0.5959958061346873,-0.11099570376490611,0.45555252771018173,0.018507128736575285,0
1.3389086647718178,0.04605439237126612,-0.5385546875239192,-0.5801075885360752,-0.1110532476126841,0.4601067805474968,0.018483428554779052,0
0.13852065924835832,-0.5544011255975477,-0.5394254081449845,-0.5942640243231658,-0.11099242191439199,0.4570553361721124,0.01851031867881595,0
1.3259616782053851,0.12055588744062883,-0.5354744542720039,-0.5909820418590526,-0.11098241995178836,0.4609589107739932,0.018487856449883808,0
1.3200397349489479,0.14461213281098986,-0.538211378024606,-0.5798576682817496,-0.11093006757489628,0.46646946845870413,0.018497038723173702,0
1.310777647611466,0.14138869455980332,-0.5304428939763517,-0.5738040365331147,-0.11078771069477462,0.4650325807538927,0.01848036847721002,0
1.305912238726221,0.06226971769549208,-0.5256801715368334,-0.5398404603605151,-0.11011739268546065,0.47763810221427433,0.01818346022789681,0
1.3347071240327217,0.018362388831267076,-0.5251801229080801,-0.5869153981300017,-0.11094329232293634,0.45513751161669214,0.018570513165176588,0
1.3025259823512203,0.04327755051949029,-0.5291804713816071,-0.5788046431560879,-0.11095248500268289,0.4486102639439561,0.0186591766924012,0
1.3170517871137915,0.026016952481411,-0.531765725447578,-0.5880907509828214,-0.11105023883180153,0.45061940832880976,0.01851088884819319,0
1.376510734466631,-0.1103646858324666,-0.529664316081865,-0.5758242471669609,-0.11108423499142815,0.4534683640846395,0.018338061569347235,0
1.3647018019589578,-0.25903464798905673,-0.5318358222862759,-0.5831113259370219,-0.11092662242540847,0.4602972984901294,0.018442995211189868,0
1.378953072330408,-0.12829289993210616,-0.5341547905935301,-0.5763838923251515,-0.11092813327822577,0.46253183434692463,0.018384181671544316,0
0.15493461369995515,-0.5449189277266424,-0.5403393661635186,-0.597291392110767,-0.11099665295494247,0.4565774741122099,0.01850820711823912,0
0.15053101483658687,-0.5424104654499989,-0.5398546073371069,-0.5960510322510653,-0.11099626431260379,0.45670476578694724,0.018509562569470894,0
1.3862166948611294,-0.2870667029755889,-0.5394066732744479,-0.5932705159304122,-0.11100394775926851,0.45465335862742684,0.01850764566200458,0
1.4105887912231971,-0.2492671642719183,-0.5403182601201206,-0.5618062054047939,-0.11098319058797436,0.44142332399757633,0.018576923724045145,0
1.4529157940250603,-0.4487181096737139,-0.5370048641497813,-0.5568409168361808,-0.11121657691852346,0.45443665840830494,0.018340112175237035,0
1.4604483532587826,-0.4550135502182446,-0.5374860168524582,-0.5834951503417193,-0.11102639734494821,0.4527957210857018,0.01846133720359682,0
1.447849788671969,-0.5097599299770408,-0.5405087710600994,-0.5790083903710366,-0.11098105104558693,0.4541309086612458,0.018498401033307178,0
1.5007639637523016,-0.4556096179159246,-0.538007205999953,-0.5947664524021478,-0.11099903357254437,0.4558565891252499,0.018513605786010266,0
1.4802071954739437,-0.5329847959318642,-0.5373260485507293,-0.5973663463856785,-0.11099672934008431,0.4565932961657786,0.018508952497535962,0
1.5022913290523965,-0.5350415626836895,-0.5324495470266462,-0.5734478237845255,-0.11113749337112287,0.4598567786794136,0.01837655354233339,0
1.5280169520402545,-0.518990718896066,-0.5381340740222692,-0.5868702548996766,-0.11103061476265398,0.4583837555257226,0.018508083230754035,0
1.526485606638012,-0.5322687229978268,-0.5286199009433818,-0.5173117896863404,-0.11216318224943697,0.46304352264187215,0.01922196204979678,0
0.1516228119909136,-0.5346913045954683,-0.540182025149107,-0.5896472335825004,-0.11098732252896107,0.45645699288023667,0.018509955262976458,0
1.549509696541734,-0.5358486492734926,-0.5377209013773647,-0.5862894480752596,-0.11099111181717483,0.4552078884828492,0.018469591249509327,0
1.4947887238421367,-0.5513836390292624,-0.5229897211829843,-0.5720473854423903,-0.11130455387099591,0.4566976110537346,0.018502556860705396,0
1.5186720669203622,-0.5550617074716083,-0.5024501414733032,-0.5868068639697751,-0.11112364316166305,0.45601478728430683,0.018471410959162552,0
1.5210676092705402,-0.5466619732976891,-0.5349796927937145,-0.5689477072752208,-0.11116057546100522,0.4584414517584936,0.018632206653204583,0
1.5126145141498104,-0.5564070234105799,-0.5150543286474648,-0.5875667679679135,-0.11102658650875884,0.45762745427186313,0.018600026285719967,0
1.4699955180920248,-0.5312957696564301,-0.5366934081764254,-0.4266850848068574,-0.11113862475335282,0.47933307460833086,0.016108367960953864,0
1.5008335459668687,-0.5075387948075264,-0.5322527014129291,-0.5906225549510493,-0.11097870399183779,0.45752578309130626,0.018479441311757317,0
1.4298980649060815,-0.4833770879236264,-0.5373262068028054,-0.3945020135640861,-0.11128052554576905,0.5004292638501434,0.015669834997365687,0
1.4796775334884344,-0.5191113694281864,-0.5365467816354819,-0.5947908723957941,-0.11098942123902994,0.4572355039455525,0.0185088859980108,0
1.4968173952787804,-0.5130173439656985,-0.5329226526879033,-0.5950964888764824,-0.11098867440101116,0.4573170168529065,0.01851166918411158,0
0.15721365844196752,-0.532427538503447,-0.5401206418626316,-0.5897424500061939,-0.11098822603820001,0.45617377520448726,0.0185025847739226,0
1.476893284930622,-0.5170766216162357,-0.524984927155295,-0.5679824712721363,-0.11097877929425708,0.46065919119446525,0.018863395264649144,0
1.4713995016391688,-0.500233111816479,-0.5357949201177156,-0.5398415101655092,-0.11117164890765831,0.4581335842476631,0.019008896745265756,0
1.470903741306037,-0.5357029448894484,-0.5355634681242312,-0.5475251349549359,-0.11103964362862642,0.45045366265396564,0.018070716013173824,0
1.5071791063973607,-0.5583044468771049,-0.5390258103935954,-0.5803933141298006,-0.11098242133653739,0.45784790338876025,0.01855842430685878,0
1.5362547848038668,-0.5050388668931991,-0.5308535042113892,-0.5756751007548842,-0.11083522339427615,0.4612320148987821,0.01842174604193778,0
1.4718731646332381,-0.4819869010751415,-0.5397463808210554,-0.5971498433143446,-0.11099683066715428,0.4564102742432143,0.018508652737482627,0
1.4649249650783536,-0.46868126886874145,-0.5336134599653156,-0.5947763182970952,-0.11099662099048418,0.4559383753338686,0.01851774756941805,0
1.4286720705965628,-0.36921721424858445,-0.5383678450608829,-0.48079236914508605,-0.11183868917416107,0.4906109804224407,0.017891746426932698,0
1.468933716064391,-0.32279714465147175,-0.5383610741053559,-0.5084259908704564,-0.11169123554022614,0.4899810736699573,0.018606917249776825,0
1.492273759670748,-0.4345001861069325,-0.534718380894764,-0.5771371751560647,-0.11094651759547325,0.4616937599244625,0.018389912829542623,0
0.15451658869016133,-0.5328412365288393,-0.5402326929606686,-0.596441034099354,-0.11099596049055532,0.45674512178046034,0.018507629350798267,0
1.4388947089817532,-0.27467555829285545,-0.5376084865060224,-0.5024018557237668,-0.11021040990744878,0.4954332729303698,0.018094857742452973,0
1.5515202122921552,-0.31899855877060795,-0.5341635997576675,-0.5836330282877991,-0.1109506886407434,0.46203481702723614,0.018445335157412302,0
1.5130435436473082,-0.434462182404154,-0.5362218677533398,-0.5943046985638459,-0.11099570016068816,0.45643980038196325,0.018498647531121303,0
1.4362436826578593,-0.27295557267573617,-0.5314242248123187,-0.4019639774033327,-0.10840763113272243,0.5382650962290115,0.014828713940526653,0
1.4494456557840576,-0.3698816964096099,-0.5372753925213903,-0.5862301771402678,-0.11097429438913006,0.45938876846688337,0.018472510500961332,0
1.5231461761346992,-0.47902646069288424,-0.5354298220474348,-0.5784093067887399,-0.1110219199380248,0.4574409268315871,0.01861469913143405,0
1.5138428421153511,-0.5010234677401366,-0.5263565115526692,-0.5903021919399599,-0.11097504314548085,0.45830830356724545,0.01846654812697205,0
1.4929976813977164,-0.48519816983533154,-0.5242334907605158,-0.5857768818682098,-0.11095361477510245,0.45934622774986344,0.01842046891199056,0
1.4890069237330381,-0.39873317873252256,-0.538740908748603,-0.5791762646185833,-0.11095638997459842,0.45596697949075615,0.01855614142939556,0
1.4958934757684201,-0.3846139402009918,-0.5362079390238568,-0.5720641586461277,-0.11107996930548457,0.46517939129938524,0.01837901919752328,0
0.15646389131494157,-0.5278956679777684,-0.5394049388932588,-0.5954597134614098,-0.11099401443743452,0.45654953135104637,0.018508990184355943,0
1.491359278318751,-0.3528584694336875,-0.5390243217930254,-0.5602418590314142,-0.1108566454821439,0.46385115769692925,0.01842458286812563,0
1.5772526170705874,-0.34510757061854613,-0.5375129045475951,-0.5801998971581169,-0.11106109069410296,0.45852008873938893,0.018545615125317882,0
1.511178222403106,-0.3844880939974981,-0.5272450622847081,-0.5854440269515817,-0.11100263757818826,0.4524227777711259,0.01859929007011017,0
1.5876766984697677,-0.4855357552188608,-0.5229938033088857,-0.5516418380925541,-0.11172368504959393,0.4528659591316319,0.018531535383153202,0
1.5734794900871312,-0.5084838049915251,-0.535987239950239,-0.5860863139247506,-0.11101974006340859,0.45550273997261376,0.01846324952061406,0
1.568727307709111,-0.5432768111485017,-0.5396567392498685,-0.5467821344040248,-0.11079588721835223,0.45783505133760316,0.018488885734829364,0
1.6422802097331057,-0.5487304045327439,-0.5360995978747132,-0.5423575194701654,-0.1114770524451849,0.4627507059490528,0.018576919961785763,0
1.6488030875095445,-0.550600109747016,-0.5385133445070208,-0.5921760089036466,-0.11100651387558906,0.4570505601938402,0.018500294514406223,0
1.5919114559202985,-0.5616734842209694,-0.5290990180322763,-0.5811952895636683,-0.11109195243458322,0.45652567079768774,0.018418225147478075,0
1.5828804526835352,-0.5141489024041259,-0.5341170825771038,-0.5666691106187581,-0.11124345312018828,0.46233486685901776,0.01848646133709826,0
0.1409050684404492,-0.5346848619782834,-0.5404274493214686,-0.5967585249919264,-0.11099705557444313,0.45645367968783684,0.018507405746747953,0
1.6139046964270085,-0.5474556801048373,-0.5295803623721981,-0.5688009430242186,-0.1110124409162771,0.46017833816161624,0.01822108073384993,0
1.632036704846589,-0.5017865320646369,-0.5371677784790383,-0.5744726315925075,-0.11099088908363394,0.45179294718919855,0.018390754332126884,0
1.6391512356016689,-0.5200431040512605,-0.5360437387801686,-0.5771492835426237,-0.11110890684736341,0.45335103369050667,0.01848707030179991,0
1.6249390595605933,-0.38512267309119186,-0.53963013667265,-0.5823664923383433,-0.11098235959308697,0.4525161820518767,0.018475956935977658,0
1.6496602771637536,-0.4361455986548281,-0.5363368495740068,-0.5738597129443078,-0.11095213026698744,0.45114693150176666,0.018379828831145525,0
1.6274208049088035,-0.4717017672951866,-0.5313767413718004,-0.5736646252462019,-0.11118151172490408,0.45080000236690393,0.018424658365935768,0
1.533680420384761,-0.4974381509487253,-0.5347599166735677,-0.5956975650550399,-0.1110001762893858,0.45627088153362333,0.018512719341758438,0
1.5238629570768776,-0.3307369048787026,-0.5354762824432278,-0.5804648149712152,-0.1110671131856534,0.4518389083823136,0.018569275692835854,0
1.501147269586565,-0.30368287194894933,-0.5383283363141439,-0.593314169174911,-0.11099207688478195,0.4565659742697397,0.018516038787975128,0
1.5459713333415401,-0.41235364273856034,-0.5381238114426974,-0.5955445320804137,-0.11099442658508558,0.45750371092499026,0.018504611128507976,0
0.16131126876360385,-0.529650980291977,-0.5403881995809926,-0.5957024273392142,-0.1109956235535694,0.4571241376583659,0.018507830821505075,0
1.5531839123131603,-0.4174193882506146,-0.5397388349175566,-0.5606774292450798,-0.11099508921850569,0.4555334340963886,0.018627674900332514,0
1.5467615665637884,-0.3085846455871855,-0.5395579633140716,-0.5146242839733495,-0.11079828349478042,0.48662653474240164,0.018122036616642058,0
1.59050017899723,-0.2336858932438494,-0.5341538035832855,-0.5929591766508812,-0.11098858727466372,0.45735139842643624,0.018523217598554145,0
1.6091904077511456,-0.2786259105386966,-0.5380378878349773,-0.5980776016014622,-0.11099680824698421,0.4565942037202765,0.018508072077360386,0
1.5723657319012347,-0.33741158524081954,-0.5367412141913229,-0.5408317947398922,-0.11112524277529484,0.45701883055940973,0.01895395616515506,0
1.577355712939878,-0.35441827130158243,-0.536817482726602,-0.5219144655306917,-0.11036784286582679,0.4706412396978163,0.01883445369687528,0
1.5871771941173827,-0.36765557254536574,-0.5405821400921181,-0.5650112438053412,-0.11096789078201663,0.46684727825418404,0.018497371783274753,0
1.6476431843239323,-0.43103446785305966,-0.5399169440121201,-0.5862669131037439,-0.11097793181009867,0.4532016194191242,0.018502156971135508,0
1.6275473974086263,-0.4499963184919885,-0.5372460976241951,-0.5106167488790966,-0.11088802214272667,0.48019747951393493,0.017699860233482585,0
1.5330593615146073,-0.4620484481846533,-0.5362189828210766,-0.5927052836863992,-0.11099338103785063,0.4575304516677475,0.018522895192707053,0
0.12292681057725063,-0.5417820163324747,-0.5406680847108101,-0.595735187142209,-0.11099696317777588,0.4566073005514175,0.018507871173417494,0
1.67598768990708,-0.5094578020138643,-0.540178214470285,-0.582519484103131,-0.1109943617451971,0.4593955441202681,0.018531572310310315,0
1.5604108251856015,-0.5294058356702366,-0.5395473552515954,-0.5662467100505572,-0.11106285236400477,0.4605659832000816,0.018427682956887813,0
1.582689067653809,-0.5393107094699363,-0.5393391974629123,-0.4030172644126042,-0.11145308312858712,0.4754326115652048,0.020133954829961533,0
1.6741897359963842,-0.5334093445992545,-0.5311778324297284,-0.5695273819348894,-0.11118189898970282,0.4575151605016611,0.018686811297795827,0
1.6099993120889378,-0.5559287588074435,-0.5317821991448554,-0.5402300218920218,-0.11163189213906932,0.46194117490938086,0.01818143610622571,0
1.6847097076195587,-0.5251686649267815,-0.5167702615784922,-0.5731300422921746,-0.11093733954871238,0.45428590246146894,0.018180531874372255,0
1.70480040653854,-0.5545934316164187,-0.5033070200151143,-0.5883244685420524,-0.11107550206962166,0.455735616353785,0.01843788983318905,0
1.5984547144815469,-0.49814433217758125,-0.5331747894653964,-0.5219890650649437,-0.11162826715803012,0.4599468172823644,0.019262027040096833,0
1.628308956466063,-0.3989312708791918,-0.5246366431034385,-0.4906371274642355,-0.11331427360034843,0.46520370803711686,0.019209144579189288,0
1.6298924448674807,-0.38596941106681876,-0.5334016600691661,-0.5715171924249471,-0.1111959140603624,0.4630863493727642,0.018466969175228994,0
0.1669802647426369,-0.5503851891365179,-0.540340290264459,-0.5946807178970542,-0.1109950145757608,0.456333791779786,0.018509124073303802,0
1.5568992703709692,-0.34843888385890637,-0.5380001394435663,-0.5095916543323656,-0.11043051054560132,0.48763580719045013,0.018036732500505016,0
1.5531696254709189,-0.15861054870876096,-0.5312981874400179,-0.5130996544108944,-0.10969784552429868,0.49847674124868313,0.01838809351607016,0
1.478133791848114,-0.09537585413076047,-0.5293567243836418,-0.569812072609871,-0.11077279414434521,0.4709149102693339,0.01867104526933747,0
1.4179833092023058,0.5734694193868243,-0.5237297968186345,-0.5523009359044708,-0.11111283206734564,0.4458184002723461,0.017827453947421995,0
1.4138871928718701,1.1989872373860606,-0.5322058235418645,-0.5925195279256862,-0.11101659298492382,0.4516838971179726,0.018497294898630303,0
1.378513219979379,1.6371463016169607,-0.5385989159780206,-0.593304215942836,-0.11099217636131198,0.46210664245923555,0.018515474637835257,0
1.3214478007604853,1.8964533885277577,-0.5369898448526025,-0.5943619153286502,-0.11099945491150019,0.4518354870524448,0.018515878179552803,0
1.2956837595029105,1.941410808119736,-0.5275075601213334,-0.5824927124444129,-0.11111532540770465,0.44553328159276917,0.01846987454200389,0
1.272201731342452,2.018772345362013,-0.5149286111123725,-0.5460716113639822,-0.11062699388166933,0.4772164812234548,0.017546536374216718,0
1.3209155271329798,1.6991897751682157,-0.5112876925043635,-0.49553108138857554,-0.10794825699803667,0.5745538916927383,0.01876180565383956,0
0.12097086781228387,-0.5560918656414148,-0.5398096872088591,-0.5927635310867456,-0.1109913337159557,0.4562257550957828,0.018511665662400832,0
1.3627178267043352,1.4227768541084038,-0.535171046949151,-0.5930360945535421,-0.11098328306272152,0.4557070195077463,0.018500066654919604,0
1.3849115190157604,0.8072106839870082,-0.5376653144448272,-0.5855734719288286,-0.11097808472729426,0.46093840572363165,0.018469561930340272,0
1.4327152560325507,0.4587875259870912,-0.5311948562480784,-0.5529802736678887,-0.11148619505721864,0.424175895531832,0.018649317858855752,0
1.496459227023424,-0.04751372192180209,-0.5401092892168622,-0.5922412712948584,-0.11099190072969167,0.45805016634712853,0.018511562445577192,0
1.5446705004380292,-0.27025150070615833,-0.5345837434851413,-0.5806712924891193,-0.11108823497668274,0.4502393405996546,0.018547303314499376,0
1.5759953643998414,-0.47179647589256507,-0.5334068806310369,-0.5983513612490005,-0.11099689977510352,0.45670819711768196,0.018507948451249246,0
1.457459622531356,-0.5570180066456027,-0.5388443631151439,-0.55703650890442,-0.11080261252068976,0.4604775491687238,0.018500200228044255,0
1.4780377695234699,-0.5278282009579991,-0.5384170680276712,-0.4849510058431635,-0.1119079039177809,0.47170534417668686,0.018147262022658678,0
1.574467956954836,-0.5566292338407286,-0.5371602789701285,-0.5772995112766969,-0.11097328364098517,0.45608656445416484,0.01860235437962772,0
1.5452939130534886,-0.5211432916667125,-0.5364940300837554,-0.539042496549501,-0.11055063025279006,0.46394934474433647,0.018743139256623683,0
0.16852148790854737,-0.5405904795906373,-0.5397797412556876,-0.5942907247646846,-0.11099773062616473,0.45685491110936166,0.01851206255801998,0
0.14856999538741616,-0.5576979531542079,-0.540242326113789,-0.5965974530550179,-0.11099633726368996,0.4566684860364894,0.018507289458014796,0
1.5023606130385325,-0.5275879266158312,-0.5280432480984361,-0.5629862296436127,-0.11132702627634478,0.4624199170339253,0.018740426064039337,0
1.525259509355124,-0.4707357187123815,-0.5367948156769814,-0.5959861047530521,-0.1109934878193693,0.45635738908064166,0.0185100050246568,0
1.5468900517860376,-0.5286297913161694,-0.5262877242336449,-0.5704570200576377,-0.11071152761313943,0.46090231473174104,0.01860889796606163,0
1.5195998100062604,-0.5147542300342489,-0.5307564448156845,-0.5818736120643502,-0.11110497797449326,0.45975173580114465,0.018470732397478793,0
1.555025149363208,-0.5075899671699443,-0.5359710535305594,-0.5670427545661872,-0.11089895453635551,0.4509045135957883,0.01832857888760801,0
1.5484363202195917,-0.45880905940711186,-0.5268413659924197,-0.5255041293254964,-0.10975180280832086,0.47567716051556186,0.018377733542539194,0
1.5563611604174996,-0.5354685846103081,-0.5396291209900147,-0.580555746930496,-0.11095563644847684,0.4583500240833382,0.0185026551833979,0
1.4747712394498829,-0.45616261777295236,-0.5279872830389852,-0.5584700368879493,-0.11074386538459842,0.4631102889516736,0.01891893915706244,0
1.5130907573055894,-0.5556619207967993,-0.5364468172561083,-0.52771631553278,-0.11160756945675707,0.46172336230553956,0.018757470575150342,0
1.467792650720239,-0.5363607309656109,-0.5271759045222068,-0.5304627600023013,-0.11197706266114901,0.4649382779963713,0.019029566871381694,0
0.16652309661918419,-0.5430919945732009,-0.5386399109807963,-0.5936198382697601,-0.11098990612515555,0.45622946710407536,0.018511908104753845,0
1.4833971724196275,-0.5677059939752988,-0.5097939530475588,-0.5005868863362581,-0.11237736016382033,0.4586005849743523,0.01597357571703911,0
1.4940712819665518,-0.555874921228462,-0.5253407672635895,-0.5617238842272454,-0.1113928760400072,0.4536300901855617,0.01825643307633133,0
1.52036761957845,-0.562028124167147,-0.5208317536519993,-0.5646993674924949,-0.11053467278820438,0.45745731111913196,0.0184163438622108,0
1.5532742619968667,-0.5081322326645322,-0.5182761915356592,-0.5896059048067017,-0.1109830994808169,0.45558575790637773,0.01857261825689747,0
1.5528611446276324,-0.5430273366661604,-0.5212655473937082,-0.583510281567374,-0.11106601275394451,0.45653114328607575,0.01862496704891859,0
1.537775886006905,-0.49960774580989176,-0.5346086239698282,-0.5944779748383677,-0.11100649987409034,0.4558817146927118,0.018504143321062778,0
1.4426270248405142,-0.4547560024991377,-0.5354586485504907,-0.5305121552835429,-0.11128892978591295,0.43874465783695893,0.01912782037538557,0
1.4600467317611059,-0.24112357841603616,-0.5329370775206481,-0.560036193991095,-0.11107785333199982,0.4664792096642459,0.01816316611026391,0
1.4331339681799466,-0.06564857116442811,-0.5357018898120692,-0.5884505047600103,-0.11096425953867138,0.4592511520810488,0.018488964048475644,0
1.428405265477167,0.30530883020859517,-0.5341602618430056,-0.5781566492123857,-0.11110453536585542,0.47038997682502975,0.018443643678235474,0
0.16014734303600872,-0.5128178813123107,-0.5401515168376636,-0.5718028434146076,-0.11095085989778293,0.45604558712826254,0.01853477892022303,0
1.3829964176316891,0.6607066541065428,-0.5398284342067975,-0.45106466169471804,-0.1104353754762112,0.5655031753661988,0.017827472892087217,0
1.353670223200252,1.338169902840584,-0.5406442369189008,-0.5871228036537632,-0.11099811215798884,0.45692503555543085,0.01851094519938083,0
0.1961201005813593,-0.4357395577515985,-0.5398058751195626,-0.5645003071255086,-0.11109607433976147,0.4662536893988741,0.01850455148097778,1
0.19234112860942348,-0.4458958144341572,-0.5395861423067755,-0.5652538650472754,-0.11110144596986608,0.4658222386297527,0.018532525927956935,1
0.19035631689600546,-0.3585501469989633,-0.5406672129143577,-0.5773596993285858,-0.11099832563164434,0.45969513606361423,0.018510146577928047,1
0.2374735476170179,-0.40682826311609005,-0.5384829459532894,-0.5675357490459322,-0.11106740354170866,0.4663161555899091,0.018391422860367383,1
-0.09722720440958148,-0.28303042833576963,-0.5202717971091729,-0.5946870601916021,-0.11098977058568177,0.4552146608434827,0.01852374327170026,1
-0.08814752288128845,-0.26020127647145264,-0.49190207659889146,-0.5399435296426476,-0.112591063631396,0.44650027906692624,0.017957116977785056,1
-0.07905722695651869,-0.3302144247124594,-0.5081694706752258,-0.5609151952468382,-0.11158202703567278,0.4443262893309919,0.018902249178152516,1
-0.08097327797156274,-0.22860450491250608,-0.5209192461048082,-0.5779175886171153,-0.11077406517434256,0.4512681015775048,0.018511610761589924,1
-0.05502102449737324,-0.2764158676850506,-0.5068530947275152,-0.579295684628828,-0.11083432669581399,0.44998587374904286,0.01871226027793334,1
-0.025589926319363073,-0.24340588480218836,-0.5008947577442697,-0.5812970478309509,-0.11101432651481997,0.4603629070254131,0.018269600135718943,1
-0.0731556715474124,-0.21771493958727894,-0.5254282571507015,-0.5839528967570868,-0.11089130762914694,0.45464027280291325,0.018460430356817683,1
-0.04287144803800133,-0.18513496250805064,-0.5156741811265292,-0.5650693382212139,-0.11053904088358177,0.4465286069322823,0.018752958263339135,1
-0.03443584342719766,-0.12192444141654794,-0.5175151735398387,-0.5931448158671384,-0.11096962457762459,0.4548835034823486,0.018523273394542922,1
-0.03736738787427914,-0.17250928804218008,-0.5077177054214547,-0.5644346634348577,-0.11131586754398157,0.43998280967582604,0.019028277604619028,1
0.2721777364904965,-0.34995571169178213,-0.5366988119886704,-0.5470481833460341,-0.11070816802406636,0.4722095248153134,0.018238553656362035,1
0.012492963443700947,-0.024198556092932796,-0.4999648033718103,-0.5499839114916452,-0.11142275115208489,0.4297578820671019,0.019579324821927518,1
0.041612650861395456,0.08972339125402225,-0.4932749190859529,-0.5518800510757244,-0.11207921389955912,0.42834254793728055,0.0189775424811068,1
0.05779812808795843,0.34651533880662927,-0.5316675480290448,-0.5262316980090337,-0.11079995816142528,0.5065026467161248,0.017542025193012685,1
0.14794470200292434,0.7462041255149953,-0.4998658796540899,-0.5606316410496229,-0.11023497379635579,0.4563676596833733,0.01875607500079427,1
0.19732538929782728,0.9313090533806387,-0.5111782123221005,-0.539709607045924,-0.1100781081247768,0.49719947930946307,0.017568183421816576,1
0.25291914344962224,1.1825886620552986,-0.4582724210543372,-0.5247790809347097,-0.11296307080269573,0.38408482750847006,0.020883706033044847,1
0.21219014920689203,0.9946018010892684,-0.5051400346597729,-0.5834943511837735,-0.11081327763966425,0.4567639117888509,0.018534485504170025,1
0.2375762418804806,1.2207011396558403,-0.5048296475589202,-0.5570201449686832,-0.11019161701051623,0.477412581642492,0.018203243447106186,1
0.21299099936703253,2.027177715288105,-0.48099486859754226,-0.5135251529839086,-0.10951454378319744,0.3914727707444326,0.02139162433748583,1
0.10738529465882057,2.7628105203352846,-0.5048193600304419,-0.5486416845389457,-0.10986053875437968,0.4717345582288381,0.01854206120541491,1
0.23292607330272339,-0.40152570719547037,-0.5386596199101006,-0.5713126829263533,-0.11102579488342801,0.4653411660157726,0.018404758898043244,1
0.06535521355416164,3.262515047142379,-0.5015604029032188,-0.573809793944598,-0.11064724292823504,0.470715884622591,0.018291156465787686,1
0.04851480636915275,3.896110245062588,-0.5201555275746251,-0.5738451058783443,-0.11104427655155565,0.4944586522328281,0.018216465713027406,1
-0.021844909013572864,5.127689471268955,-0.48053354641249213,-0.5317208247996819,-0.10904382786274049,0.43734496818016444,0.019680798053985878,1
-0.09710079158651176,5.167632674287484,-0.5351760262831704,-0.5105815148469014,-0.10997840777383144,0.6131075491518236,0.018283142692578646,1
-0.15421252375945577,4.982774532658727,-0.5117876830536053,-0.41634884692557,-0.10389716509993024,0.7812175106263715,0.019269208046451925,1
0.0031405854588414544,5.6441528865597475,-0.5387464709277389,-0.503776955461877,-0.11052408439083804,0.6378606582068144,0.019006324807716007,1
0.011124150665151067,5.387174151033852,-0.5187994656033323,-0.4069629565988788,-0.10474640548689906,0.8216618576917304,0.020899747372959746,1
0.03895465107364337,5.905254581608293,-0.5137172043537994,-0.4028932377477348,-0.10524290676163273,0.79141345451021,0.023541088137797168,1
-0.01549798001152434,5.85439216924783,-0.5330719557045017,-0.46594996333812905,-0.10928410292457189,0.6907029283839717,0.019987603736072675,1
0.017299048837100494,6.092845025393292,-0.5190789643839743,-0.447973577371665,-0.1107169801942613,0.6741016304413412,0.023091956059047476,1
0.21939586251493795,-0.45145400633632204,-0.5385574662521986,-0.5781858020165567,-0.11105747027927368,0.45724683444271097,0.018545459970305007,1
0.10688794692552821,6.361054070431253,-0.49787022637461786,-0.4259358252970256,-0.11226796116002473,0.6728601030337968,0.02634504857966618,1
0.23172969250056205,6.902163835178,-0.505808247662055,-0.4692447751768672,-0.11447322642380497,0.5403190870033082,0.02162287635658226,1
0.37619083178883905,7.326107539685853,-0.4776073192961644,-0.33252014751051184,-0.12521165755852276,0.45890258432041536,0.030424375745593264,1
0.45629386571593145,7.276561173155792,-0.4271804155333121,-0.481538885250774,-0.11527499654492192,0.576066643630136,0.02434131716749137,1
0.48555827256529915,6.584241879131001,-0.31738578263678713,-0.5699195519301428,-0.11126490167421205,0.43539100977599865,0.017320588604874725,1
0.5575265860872063,6.418161911572495,-0.1719063890633842,-0.3808457971917366,-0.12081101849941625,0.13001258969661167,0.05005471669082681,1
0.4933145314492631,4.7005834913768325,-0.29120419935346015,-0.48082056486521063,-0.11881771288491112,0.25679791088467085,0.026017270691056246,1
0.4434688507211719,3.0435686495134333,-0.37055420424978674,-0.4539941277695762,-0.1059498260662889,0.36417142747915343,0.029554509446270815,1
0.4051285438539011,2.3359332080975994,-0.3981185730614469,-0.4988565842399549,-0.1111716734893763,0.3574319119078577,0.024857747918789887,1
0.3059957880433333,1.384601497231716,-0.43788512190358503,-0.5203108082239851,-0.11235414960652242,0.3778801674965725,0.022006367657193424,1
0.2731988045724886,-0.5082438157542919,-0.5396034262154458,-0.5902481835870437,-0.11100985377414671,0.45822079482818473,0.018508927574673505,1
0.2559909072689216,1.1044076479907525,-0.46645721168281334,-0.5428826701491308,-0.11015489359042648,0.4193228888683093,0.020225184267889725,1
0.19184866952594354,0.9914758687525143,-0.5125121049241015,-0.4764904839039867,-0.10898921487041721,0.5408673623487708,0.015238758464567088,1
0.10471841428477824,0.7989965067025915,-0.49958549272046066,-0.529744569519198,-0.1090349149807477,0.4465493025651761,0.01870946668166167,1
0.06052742056971161,0.5605716559703734,-0.512423050340768,-0.5441736503326255,-0.11000949922779417,0.46704380182158184,0.01792788176059927,1
0.05562341329846843,0.4355738258966317,-0.5152413753547596,-0.5824676331147981,-0.11108505944067633,0.46683218077693106,0.01835998925543656,1
0.004541672044915053,0.29950796645613686,-0.513159434110216,-0.5839675333347839,-0.11112214165131507,0.4662791286810914,0.01841656404773895,1
-0.014215203201785025,0.19042037880019946,-0.511824513500818,-0.567057793326331,-0.11068212403827159,0.4636491951732141,0.01890504835059779,1
-0.01656996998910466,0.135296402432734,-0.5237651620261558,-0.5259591526895315,-0.11141531861954594,0.49891528784426536,0.019801164715343895,1
-0.03181076964773268,-0.06209080045537112,-0.5224298065904529,-0.5599121575892185,-0.11130143697307474,0.47700640184702925,0.01896342394608709,1
0.01980909637680557,-0.1513766118733653,-0.5215239225293474,-0.5834413214141345,-0.11106210856310057,0.4615694650917261,0.01838869211257793,1
0.2993476221420802,-0.47958768579115835,-0.5370545468432046,-0.581170288779557,-0.11092776760406661,0.45414633728360637,0.018532855018699848,1
-0.022890664039426047,-0.2220008210601062,-0.5225113584688198,-0.5857297368997831,-0.11104351631029259,0.46191933395595103,0.018599952432007853,1
-0.018222828064533254,-0.2044642782747901,-0.5125408552460801,-0.5955989697227545,-0.11101025148938015,0.45789842123299274,0.01850946066593285,1
0.01684014162088665,-0.24364550129301488,-0.516669957614917,-0.5737101289220277,-0.11112441552840177,0.46766645964474274,0.0188040925683158,1
-0.0015098856054348117,-0.272907411533599,-0.5161607804097871,-0.5963159580314463,-0.11098911647014359,0.45598630946403024,0.01850584298595542,1
0.011102622920884504,-0.3473068067833867,-0.5161064619957114,-0.5935191397112856,-0.1109747103538522,0.45616603472678147,0.01848957511639624,1
0.008888872003385022,-0.36744852162534036,-0.5042050699149176,-0.5566971946490966,-0.11013501806984244,0.4639458774271927,0.018682585371743467,1
0.007060598647368185,-0.3778640654243948,-0.5153965237773457,-0.59014940506608,-0.11104050110693948,0.4546959323032736,0.01855492717089443,1
0.017953847493446508,-0.34717853911619984,-0.5080110964775612,-0.583097620057601,-0.11115624043289848,0.45168681518598824,0.018601110341433618,1
0.004502183934990882,-0.3580032922384555,-0.5207977232880788,-0.5700823888026364,-0.11115618530799112,0.4578667209085468,0.01818450184069108,1
0.023823405958595428,-0.3419273299770504,-0.5283058437109808,-0.5750873135188014,-0.11113414177124598,0.45871171363966595,0.018345206302529074,1
0.2891984519139933,-0.5019098419300665,-0.5268721968923964,-0.5951081573063397,-0.1109888242740751,0.45659208563439535,0.018516734277480948,1
0.14337813869621643,-0.2724554474852568,-0.5079195481461235,-0.5776797014683496,-0.11117501000711641,0.450573503764349,0.01873705009865593,1
0.21876143958472435,-0.26021334794660694,-0.5088063988064642,-0.5532756279416219,-0.11181704493936473,0.4378748750015297,0.01808303740899158,1
0.3029215882272107,-0.23972176473855789,-0.5002557538929143,-0.5346318412571769,-0.11248805810850528,0.4300793539101413,0.019417236996644396,1
0.38912502992966985,-0.2389957839450349,-0.4969024389577588,-0.5622426565423296,-0.1106396409146368,0.45183244132445816,0.01919244546270361,1
0.5620127436439266,-0.12772936706302954,-0.48253016115619884,-0.48971628700287195,-0.10979146531729433,0.42913177615388154,0.02297942645233095,1
0.741965748766972,0.009166636182773583,-0.46409281976586353,-0.5275065700296464,-0.11328048365323129,0.41508067910718394,0.020155989602809527,1
0.8614855210013537,0.12881327215849375,-0.47072872473425115,-0.532006510466682,-0.11208403971182793,0.4190197772453807,0.020679374177762395,1
1.1505352335448649,0.7680569566271743,-0.3918150357940632,-0.5174969315254355,-0.11363533455225998,0.3898104531620201,0.022482046516276086,1
1.3440785805634448,0.6668857049008117,-0.49293674778034174,-0.4891576398464628,-0.10681448241091628,0.47146513747170987,0.019347157969892934,1
1.4414655425500031,0.9220363444485096,-0.47634055724267604,-0.1378836948353639,-0.09675481516009782,0.7840408033488708,0.058558297076310946,1
0.3463635895738534,-0.4818825344375118,-0.5241431506171772,-0.5874278757150952,-0.11093092831083097,0.4544438436542202,0.018463240689678403,1
1.4113485303256734,0.7441222700444633,-0.3794948324110592,-0.5030081176967579,-0.10467354813780187,0.4754868570378859,0.019476752433510883,1
1.2077712379218835,0.9031824241327592,-0.3480023785953476,-0.42720969426909844,-0.1262161938289677,0.30730921940448014,0.025596411911423596,1
1.0455527403276823,0.3119955649168901,-0.45246556083351336,-0.5300145528127733,-0.11343950304468431,0.40679611376484526,0.017009852603757928,1
0.8827901016553926,0.1733612731355742,-0.44378898277762147,-0.4954643424975423,-0.1144768420852176,0.4010421778464146,0.014212872421931266,1
0.7414820780757319,0.15705347487031146,-0.46833615805673706,-0.4745760819011956,-0.11381703889650968,0.39708305941972244,0.012885710570906435,1
0.6392159372403433,0.012260114190773892,-0.4641701851346647,-0.5189030104375677,-0.11433461612576341,0.4094877456585503,0.018184259284414594,1
0.5690409893710261,-0.12783911646913884,-0.4911857826734159,-0.572860368053509,-0.11142927889534476,0.443924118259285,0.01873863706948485,1
0.5348471656622084,-0.07518635272642497,-0.4932820010942773,-0.5854978279401213,-0.110824622796072,0.45978512475911765,0.018518198337592866,1
0.553824630077782,-0.045020633559754004,-0.48625201218965874,-0.5346048789687422,-0.11173911831655349,0.4342622725824504,0.016633293922803903,1
0.509601912281465,-0.019667133439150265,-0.4993011718368166,-0.5638680110151072,-0.11155858492260841,0.43897531240923376,0.018931558595279327,1
0.36701098723651715,-0.329672052683251,-0.5404397195072672,-0.5485569377027459,-0.1110273304450901,0.4745598828057119,0.018422688892548857,1
0.377135399254275,-0.11315210069431553,-0.5040947992828716,-0.5653156677942621,-0.11147233186578974,0.44014170017608995,0.018905961396070276,1
0.3516692384276849,-0.13870523734863124,-0.5018507356891238,-0.5569438051658397,-0.11173153752310011,0.43828553022880246,0.017993701868478495,1
0.3734614677816483,-0.17459423942324612,-0.5117694181695476,-0.5897298765621144,-0.11103811028632456,0.45280845808064196,0.018569082369093607,1
0.3446267836486672,-0.13302485323623248,-0.5036433593215808,-0.5536617449064478,-0.11021438103351143,0.45770045949489674,0.01910037849640901,1
0.26058732753149444,-0.12729260096814093,-0.5029222580116832,-0.5569403470810164,-0.11027787472754073,0.45843731807929,0.019022719889692976,1
0.2438037984052891,-0.14738996011865227,-0.5177648427639684,-0.5811955285723963,-0.11083264227699124,0.4611142024107397,0.018424167197129408,1
0.2383172420569859,-0.12158846383957038,-0.524455075368967,-0.5857685354021913,-0.11095792412913782,0.46132685153935493,0.018419117553408196,1
0.19444297818526987,-0.12902130988651894,-0.5202830081290254,-0.5685356860671409,-0.11064495995684909,0.4624435039799042,0.018322543246705333,1
0.12054662502811442,-0.10533238107562966,-0.5213952548152225,-0.5867142764481468,-0.1110005736278718,0.4571297617570864,0.01841405874865562,1
0.10336959530860636,-0.17780616867342533,-0.5121825860889574,-0.5942140583858332,-0.11097739061629035,0.4556953580639273,0.018522990963326876,1
0.3487822443820322,-0.4244762866745576,-0.5360473861310197,-0.5700885502646128,-0.11097084557964802,0.46313781067512927,0.018336366097150922,1
0.07233188710751642,-0.1323716308774128,-0.5153709367654156,-0.591566967124637,-0.11095439809676227,0.4574542736833664,0.018484581193533044,1
0.07127660296254151,-0.12337272285084437,-0.523763071833383,-0.5918065437512303,-0.11100482792526288,0.45978830731404347,0.01847148238238913,1
-0.003793771020870281,-0.11619397110186983,-0.5299110584229493,-0.5661956713352785,-0.1107025089470043,0.46263454246137414,0.01837326123729575,1
0.003953879434839183,-0.14497573096745844,-0.5263494781387873,-0.5932650312467628,-0.1109778041505547,0.45576320843259943,0.01852204726669868,1
-0.01580821080262186,-0.10354104793676906,-0.5311753655828821,-0.5927672487103033,-0.11097995665612793,0.4563556883638461,0.018522277545460427,1
0.027284910410559596,-0.10949765892350988,-0.5298502954109356,-0.5921542441303124,-0.110977042981939,0.456251306358781,0.018527174551433972,1
0.0018453509425946017,-0.11241423206472875,-0.524807976957021,-0.5748679835207748,-0.11083156647901835,0.44606106859670763,0.018327624896132162,1
-0.008461834492097997,-0.11696686575937197,-0.5261394925214763,-0.5796126211447649,-0.11087551892779193,0.44924485925255986,0.018393023833875845,1
-0.022991868200027403,-0.13181182614719833,-0.5275629564513507,-0.5661208993479582,-0.11064776391808373,0.4547174847199537,0.018591445077182526,1
-0.02539230228824065,-0.10335231314867019,-0.5288554320345781,-0.5643462209354747,-0.11084303424034378,0.4648530157991477,0.018840612794132672,1
0.20423332178662815,-0.36193041574205953,-0.5404770934542874,-0.5699538305994669,-0.11096182947105894,0.46049741757385965,0.01849972520344747,1
0.3755411524536076,-0.4154788192515451,-0.5280775213758594,-0.5683976429260945,-0.11130339850410419,0.46515270761510963,0.018581848758947247,1
-0.03231536333806349,-0.15757895377690215,-0.5270068593358941,-0.5917077803272788,-0.110980742579095,0.45853666021562844,0.018538256761554045,1
-0.06535201159438378,-0.16032135164011235,-0.5282544058165565,-0.5578737522432899,-0.11081040515580513,0.4382518036836674,0.01895853089764426,1
-0.06428893170402625,-0.15338844355807466,-0.5264712186226751,-0.573088478566901,-0.1107482250408241,0.4475798707338023,0.01858167616295786,1
0.058852054912811924,-0.03993494895962012,-0.5125925761026162,-0.5629323241169798,-0.11134381749719113,0.4366473384267742,0.018016546924300297,1
0.008070289218541674,-0.13219006806145808,-0.5175164497825658,-0.5942251593616413,-0.11100798134241456,0.45614181636399,0.01852698338332865,1
0.02376769874743041,-0.13722627406513982,-0.5247832656651958,-0.568768118456121,-0.11065533491817169,0.4549194833469702,0.01844301152199381,1
0.023785201615534095,-0.140357933001594,-0.5291766805936169,-0.5915208611402275,-0.11098816066356117,0.4590139934099748,0.01853954090551347,1
0.029642520661696026,-0.09999353848721025,-0.5298921474053768,-0.5759198504076996,-0.11118511538806933,0.4687423130204502,0.018527787856668036,1
0.10930094524663506,-0.13398749412365416,-0.5177635787064094,-0.5909381513620984,-0.11094534128900825,0.46051950683957743,0.01849675335585698,1
0.11432478338599772,-0.15004620371941266,-0.512949292345653,-0.5911897348957059,-0.1110282541278609,0.45304686987077,0.018463023169689514,1
0.26944599905475475,-0.39960790433131554,-0.5369735382595758,-0.5709926871768511,-0.1110532246207163,0.4652263021258495,0.01837109641041513,1
0.17887447408710372,-0.09630534319673127,-0.5208067967470248,-0.5623627351550264,-0.11132872199178932,0.4373147695494553,0.01810945148242783,1
0.2366811149168492,-0.164778913586845,-0.5073831653989909,-0.5366092348933998,-0.11051098034955124,0.43430054341443874,0.017085944685784175,1
0.33759550460112836,-0.04105529113367779,-0.5053027179615502,-0.531830229588685,-0.11206071570334714,0.4188574423324746,0.01713523650146441,1
0.3883139265131045,-0.22466496256593552,-0.5140126085471196,-0.5845921648230352,-0.11114015834430786,0.45152764739477574,0.018504737164583486,1
0.5657995071143889,-0.14634008734926807,-0.4940841540059638,-0.4932113991786261,-0.11393531876321703,0.4034161199657933,0.01584477542738937,1
0.7087274439698201,-0.15900193751949782,-0.4920677135520063,-0.4609310768433804,-0.11464584479182256,0.3884025770844705,0.013693766819961418,1
0.864022979115,-0.03928074909544047,-0.4577624644908925,-0.45440255565888305,-0.11910755443773013,0.3972740901803938,0.021063426329835086,1
0.9212219941545033,-0.05790388040647968,-0.49866190974566615,-0.4867531597786145,-0.11012358019410577,0.4594822607601263,0.022511533110493014,1
1.0650969282155218,0.08437373233136425,-0.47717536432147256,-0.5263780393136281,-0.11308710189398821,0.4228859944034077,0.020096282764681537,1
1.1944167194107052,0.1714795511594736,-0.47927596129921873,-0.4115402350382525,-0.11085827304095114,0.41316122403576805,0.029228527524344555,1
0.16933841004319597,-0.3741140115682351,-0.5373800064258907,-0.5715556468346317,-0.1111332031968201,0.46581343654213386,0.018514376666842674,1
1.3063111507797003,-0.018048241364336897,-0.5114410779664819,-0.5362752086964484,-0.10966497185601384,0.46976814151430657,0.01902899197799093,1
1.460963246316364,0.047381641957807336,-0.5033980035979809,-0.4892304686884438,-0.10812914149175565,0.5171627383328713,0.01608892838922036,1
1.5722716038985252,-0.19894231084458652,-0.5287660006418092,-0.5406667186893542,-0.11078814431507086,0.4456730908397657,0.01929191436606318,1
1.3609931310995904,-0.3678471648746447,-0.5115006286299645,-0.5277498813223347,-0.10926215414581784,0.43327244547618976,0.018478185371714383,1
1.386706724378164,-0.2498227906152821,-0.5139563681248868,-0.39310175381271106,-0.10279428150574915,0.365905859656498,0.017913772655791842,1
1.2539805812847291,-0.3957494036391227,-0.5250062982983768,-0.5491225803490819,-0.11159583948005071,0.44729149044215216,0.018939294114531845,1
1.1268658341733653,-0.38861836813647743,-0.49841053510348143,-0.45179306576828965,-0.1165842486264297,0.43485809658121743,0.021264819879362552,1
1.0282431532462641,-0.2978532023561214,-0.5255389661257766,-0.5813304841179168,-0.11086161871969893,0.45327363457084097,0.018447511414194786,1
0.8952751959933138,-0.3517980481930432,-0.527918325254001,-0.5825677335415353,-0.11111772366577763,0.4528915024672541,0.018522221095881183,1
0.8229437378389997,-0.356651290640644,-0.5269905833718422,-0.5521299002893845,-0.11158178537546909,0.44612938322011725,0.018276870250404652,1
0.1466806382602422,-0.4098375665312179,-0.5355467685424234,-0.5278533843118266,-0.11156892240008823,0.4783092315315981,0.018949850787120907,1
0.7972716891176678,-0.30075056096470465,-0.5347393947453237,-0.5897348347945355,-0.11096759178546378,0.4556195925918606,0.01852422731862704,1
0.7132002909697632,-0.39067275878844254,-0.5354164845810814,-0.5863455442895377,-0.11097884058134402,0.4568147614625862,0.018459758194634773,1
0.6252919540480064,-0.36426461626730916,-0.5355097107572417,-0.5782689374638051,-0.11101189004258304,0.44963163106764326,0.018616839005019876,1
0.6123438066325569,-0.27501183179219685,-0.5379605179101218,-0.5883609386603972,-0.11102515283242706,0.4526726613022337,0.018506107552784187,1
0.5264446462019123,-0.35511788091503016,-0.5359140057414649,-0.5884310342134355,-0.1109786246197321,0.45753751520428626,0.018475922328311117,1
0.4510073093383525,-0.31965005309386013,-0.5387651537708558,-0.5976257836728679,-0.11099683359729692,0.4564253998008796,0.01850743547366517,1
0.39483980849811795,-0.3316462931637525,-0.5384275454509624,-0.5982445808413824,-0.1109968563280759,0.4566663854785939,0.018507970946647412,1
0.34193189210014824,-0.3755533276818179,-0.540223303912944,-0.5972341518295915,-0.1109967104688539,0.4568323025653156,0.018507522201180862,1
0.2745202894389719,-0.3537021690377829,-0.5398926635649345,-0.596252360446229,-0.11099676854291135,0.4566428528996979,0.018506454553095165,1
0.22263520163994827,-0.36287416376036885,-0.5405468879645143,-0.5968398433230706,-0.1109965234986403,0.4569876532714237,0.0185078965413623,1
0.13289666402374098,-0.438634305033978,-0.5372053558075093,-0.59012081817608,-0.11102007735053668,0.45881269588486095,0.01851401694918549,1
0.1899201986981628,-0.3450932575587108,-0.531962398687689,-0.589032936992539,-0.11095745443731105,0.4575347269436963,0.018484946306566233,1
0.14127527053365244,-0.3170681216518887,-0.5363239368347409,-0.5940755050978048,-0.1110070249746447,0.4555818497271167,0.018507559181590787,1
0.09616523031158027,-0.31969866644710265,-0.5389801696488828,-0.5961684351987633,-0.11099907366004022,0.4564288826897026,0.018508781538850237,1
0.06589476502331248,-0.3197006732105568,-0.5393045633634578,-0.5971506947737815,-0.11099733633721601,0.45710108842917896,0.018507181377081728,1
0.021700203410475905,-0.34425499921431685,-0.5372723140164776,-0.5951153041322171,-0.11099279966412845,0.45591277169345806,0.018512194238478524,1
0.009535287161842012,-0.3437464401999891,-0.5395254237021494,-0.5964249430863265,-0.11099794522173177,0.45702046551061776,0.018509135601153803,1
0.020915363142221793,-0.34190706837838375,-0.5406184566232797,-0.5929703380277798,-0.1109967314471535,0.4551221576695322,0.018506408271581676,1
0.017995957766437604,-0.3383086037992226,-0.5391583486333068,-0.5791780569374657,-0.11104153507461988,0.45002652398037063,0.01847438027066522,1
-0.011715154229774394,-0.3738076655433643,-0.5371743276600135,-0.5592349331532513,-0.11114529220941205,0.45329440126962184,0.018704569214501966,1
-0.009431270514785992,-0.3791694347607276,-0.5377242663185232,-0.5923852233671797,-0.11098999770281262,0.45706177627408373,0.018519654366854148,1
0.11604426714519858,-0.4944029670086361,-0.5366439126056874,-0.5680934457281981,-0.11110825236582597,0.4609810929938052,0.01864935001600497,1
0.021161601176336864,-0.4114265201672477,-0.5393252218962931,-0.5967247364148336,-0.11099752233008907,0.4571849049940218,0.018509128561696606,1
0.023526160536843164,-0.4059854680574656,-0.5390778124090849,-0.5942379008437612,-0.11099820048060055,0.4576030504433129,0.018513526331394005,1
0.02286521594809625,-0.4312862978975872,-0.5347957072519607,-0.5490044577846506,-0.11110016092992975,0.4675170138250706,0.01894691390894923,1
0.04621193357188488,-0.4256370360090361,-0.5358434624612968,-0.5923482098200018,-0.11101228327099924,0.45849743375130303,0.01851657429751208,1
0.07395827980860846,-0.42425562933645167,-0.5372908306526343,-0.5963573027816028,-0.11099577635022977,0.45712267646394883,0.018510590025326047,1
0.1148349028640717,-0.4135968409770243,-0.5380440047662663,-0.5983892367092918,-0.11099689077973614,0.45669971290974404,0.018507934830958788,1
0.11797857151781596,-0.42305686260859904,-0.5372393305069928,-0.5795448485000774,-0.11097650966494362,0.46041976186288475,0.018586622210663893,1
0.13427504779348892,-0.396280979145001,-0.5382493538184125,-0.5888723760314324,-0.11100683364678343,0.45361162813599226,0.01848549090578282,1
0.1812002544522219,-0.3669321353450232,-0.5356290014685448,-0.5933628444038459,-0.11100886280769516,0.45501168730590064,0.018501278609494663,1
0.2133551912800686,-0.3595247012236432,-0.5330818961150859,-0.5653804056061743,-0.1109446657466052,0.4478444361106353,0.018232768715663202,1
0.06931943950496858,-0.451756528880484,-0.536569790217498,-0.5824705295091047,-0.11106594278652461,0.46084160157323434,0.01851687762211641,1
0.18744973265547912,-0.3877502989389345,-0.5369008824092276,-0.545882578485917,-0.11074103991187564,0.44901223893222625,0.018203847235321438,1
0.14069270394356775,-0.3161593965047621,-0.5314397865642323,-0.5589726187005498,-0.11139590513321819,0.44245578367807115,0.01858676874266922,1
0.20219288963220572,-0.253946008477866,-0.529000358102523,-0.5071160983669818,-0.11064961717059885,0.4414463721217275,0.016949421076089384,1
0.23350946566952285,-0.20602269083552088,-0.5173015711593867,-0.43435314610675274,-0.11649112028192249,0.3831667966110539,0.018448430843704136,1
0.3676214516865565,-0.22517854915758753,-0.5303847430922851,-0.571884219044656,-0.1110860393226621,0.44641498743510744,0.018290610183411646,1
0.3463796650466945,-0.18086302869486015,-0.5226657708640712,-0.519930876181433,-0.11255452146972487,0.41870393329104033,0.01816568555092873,1
0.3687276497930253,-0.15465383198618401,-0.5172417684479431,-0.504583029221478,-0.11336451060770139,0.40942575950596793,0.018274299510803577,1
0.44267641677602976,-0.10608401613156872,-0.5262983853741807,-0.56173388093637,-0.11143463183641446,0.4372217645926875,0.018383872362020992,1
0.5052433954269674,-0.15733274919129275,-0.5284854673659162,-0.5698617869070156,-0.11109508061613094,0.44435968473760146,0.018239957277399906,1
0.4925775920431171,-0.09235761097562892,-0.5139843026279656,-0.5529071524141952,-0.11089981983123341,0.4454643310886793,0.01766427420594797,1
0.0499943800833662,-0.5197858118878235,-0.5378469673180725,-0.5618489441068316,-0.1111834398504041,0.4612534514878615,0.018581626959883978,1
0.5763949461655251,0.05556862628393129,-0.5089257819684332,-0.578880857743885,-0.11125729553184611,0.4446748005098098,0.01847260956846627,1
0.611856425857631,0.21204329969272595,-0.49281883926107556,-0.5434627997002045,-0.11211495549278735,0.42583144760756414,0.019533097780371052,1
0.6622873237211462,0.29036714694946686,-0.4870859507052393,-0.5714091233069976,-0.11143491458489156,0.44030304882022786,0.018845882369622702,1
0.6083895672945583,0.23937539572888591,-0.49030628533426096,-0.5073446980452653,-0.11264547536430645,0.4128827660358572,0.021379505385267825,1
0.569321516743118,0.057724313938912634,-0.48706784011759136,-0.48745228682275615,-0.11227383677562727,0.4104362079353239,0.014102441633647076,1
0.6783748067327935,0.21584744152292423,-0.49341663618402476,-0.5188981216292696,-0.11322248908587981,0.4055103638427592,0.017109131927068873,1
0.7156425168541684,0.5382246619623039,-0.4861942965912112,-0.5002410023227574,-0.11118565589649408,0.416821701040329,0.022348542641929425,1
0.7319893218024871,0.3355253191546777,-0.4830456712477335,-0.41623089943864655,-0.12105251597986304,0.32506854338181795,0.017606249841962004,1
0.7941785850405616,0.36440977583104806,-0.4808005311207962,-0.37300919285556333,-0.12430251324356185,0.30268645788219684,0.023315422018905158,1
0.9007080327733047,0.06548371262141663,-0.49336013315333554,-0.4133366007227332,-0.11882493937344618,0.34445682749352247,0.013412965974950434,1
0.0132414800932585,-0.5388492815978311,-0.538925523859934,-0.5820495495296193,-0.11096977050902539,0.45824000587841757,0.018469638852832017,1
0.8770979321089057,0.3551763758388483,-0.45851143105868775,-0.2810609201043257,-0.11684256942975906,0.36873354632880156,0.04533979988239466,1
0.920283368271628,0.6236936970967806,-0.3928073970506957,-0.2534344443886755,-0.14456373332864994,0.21750415763343459,0.04374677452847031,1
0.9948717543385608,0.3889766104713314,-0.4482570697228186,-0.4076491762513392,-0.12363283849468466,0.31417364333687653,0.013264769144326559,1
1.0452279819448305,0.4967172343594549,-0.3726695711531433,-0.2827909946920712,-0.15004075484730223,0.20252178402491078,0.023063975769536203,1
1.151743941693838,0.3372468760880945,-0.439065658842193,-0.4600448163109531,-0.11871643518685976,0.35579892686412984,0.014173849531578667,1
1.3060290073625405,0.745234328697476,-0.4115920514254777,-0.5198829520779924,-0.11403261955317053,0.39224716317582037,0.015525841485638984,1
1.2941834156341556,0.27766636563062547,-0.3933053112658945,-0.3589143325566929,-0.13429052233269442,0.28530331814516463,0.011523792710034588,1
1.3944419874846552,0.31250518703155483,-0.40653081911463385,-0.2171875641230471,-0.15433290387224058,0.22014059950868892,0.035563957332466006,1
1.5682260364192115,-0.1933779829200074,-0.4903803892383015,-0.3663170591887759,-0.1245143811673962,0.36355126416717354,0.017402753148896017,1
1.672171583359266,-0.5201842103586987,-0.48427874580950564,-0.5017146682484762,-0.10871964571606292,0.44293038975562765,0.0154191284503774,1
-0.027433944665820914,-0.5234564456888492,-0.5397547466515898,-0.5760756341061656,-0.11095106411403895,0.45853039879234714,0.018478573421569187,1
1.6489040575641853,-0.4478776329016985,-0.47156544936188255,-0.5396689199265234,-0.1130178134514939,0.4448063654872714,0.0186193576477534,1
1.6494025173380382,-0.462309404763649,-0.3867113858311028,-0.5231564809201137,-0.11537508495887701,0.44984480759936185,0.018352824629381242,1
1.5803791630705903,-0.2922447988514697,-0.4803613789131556,-0.4555919077351295,-0.10713396836003043,0.4970993308137457,0.024488899078809395,1
1.5982997062277526,-0.33468469078054164,-0.3900681973712263,-0.5509984112262792,-0.10901282805912911,0.46789375399638905,0.01936979395691884,1
1.6487281948008463,-0.4450478425054498,-0.4720826062061863,-0.5614112972925948,-0.11033884714283454,0.46530542642217554,0.01926386253118157,1
1.5590976746892111,-0.39475838410210573,-0.44046806067596794,-0.5209611857107745,-0.1083769864786691,0.48179830870701795,0.02108133171060754,1
1.5114030874938462,-0.2496183691038848,-0.4512961092593949,-0.505954962990967,-0.11174238130058747,0.46653434264748217,0.014067478855558372,1
1.4334060782313043,-0.402092276135884,-0.44802439943602335,-0.5156208282118087,-0.11486086585110414,0.44097851731653886,0.01917110506493682,1
1.3179741340445938,-0.46987256126560845,-0.4697206118133833,-0.4592226961896968,-0.11091758883129707,0.46599727356792314,0.011099610338507732,1
1.3436682931900974,-0.49646806671357335,-0.5134492384669191,-0.5802650344837943,-0.1111415610250314,0.4537187886340388,0.018669380205266036,1
0.1944524954618119,-0.3445254877942928,-0.540457350023973,-0.5763167253213838,-0.11097146231567466,0.4582746782424124,0.01850319530328715,1
0.014247493241703907,-0.5354822556253572,-0.5389391313900234,-0.5828662372528554,-0.11099324124722307,0.4582702437393844,0.0184649419900707,1
1.2722872498363968,-0.4479443376890082,-0.4818777642338554,-0.5950677056998595,-0.1109786002289662,0.45583648904663343,0.018525144777265933,1
1.2314048844987693,-0.46278755632536756,-0.47413203195158216,-0.5924405439682052,-0.1110578918189107,0.45569590678446764,0.018488134817323643,1
1.1885540565089419,-0.4209741540723193,-0.4479777817315839,-0.5865692787257095,-0.11114232347970744,0.453123256675731,0.01866059391758175,1
1.1082784568964028,-0.3580266657239164,-0.5012569331529504,-0.5252100349847357,-0.1106638517092364,0.4727870490026657,0.016428137331234324,1
1.0509383414127722,-0.5064824041181244,-0.4983202156546433,-0.5945821837079689,-0.11101880708727181,0.456390748087928,0.01849361071586028,1
0.9338100766429538,-0.47852517956939783,-0.5158881843930445,-0.5281739424713262,-0.1115613417025546,0.46512247563146497,0.019974408380153467,1
0.9006732187628403,-0.4795614840064069,-0.5283849342931647,-0.5275814890306187,-0.11207179857607355,0.44205047544476905,0.01885302410954891,1
0.8895443292386813,-0.48840179180200466,-0.5034109947024871,-0.5741329840157128,-0.1113890933572586,0.45191967484995776,0.01855213057253292,1
0.8260399583126828,-0.505483209156502,-0.5241838964196669,-0.5385746506124732,-0.1116612284863286,0.4507930142724049,0.017746231011428866,1
0.7409360367891622,-0.5257529565532677,-0.5196681122176616,-0.5809879943067154,-0.11110327249299164,0.4559129416668758,0.018364001731333297,1
-0.050795952640873304,-0.5389639746802396,-0.5380722409530638,-0.5852164777804439,-0.11101572231178669,0.45851792475200603,0.018471054422110313,1
0.6598144003315417,-0.5515744882827751,-0.5203709708444426,-0.5778608998697408,-0.1107782264627513,0.4565268637367651,0.018567800689718153,1
0.5927646115191967,-0.4901890236128765,-0.5180920808723333,-0.5849071295595502,-0.11109497390726288,0.4550583854907687,0.018588444028711192,1
0.5613932508398949,-0.5527278127283536,-0.5107778924067975,-0.5964968522498801,-0.11099167149687997,0.4567107145660547,0.018502243370057396,1
0.577513384229597,-0.5291332022904216,-0.5099432782240745,-0.563263219883804,-0.1114409627617469,0.45213975141237384,0.018942817823717126,1
0.5706105209888931,-0.5264132515810528,-0.523697255618334,-0.5799655608996778,-0.11112605269299108,0.4595049311101933,0.018388972999451702,1
0.5238184740252942,-0.5489433331493503,-0.5221127121379114,-0.5931965607302067,-0.11100557328506497,0.45729691975017167,0.01848193016534208,1
0.5487210341236298,-0.5487248483687751,-0.5183906791588002,-0.5716637079693245,-0.11087487872771655,0.4572788481795371,0.01817992561509441,1
0.4804831895628253,-0.5339531267386093,-0.5220491841461868,-0.5912607131358678,-0.1110017221756662,0.4573041262618512,0.01855177010803531,1
0.4225072190715284,-0.5283628200416598,-0.5251184021769661,-0.5857309837787534,-0.11098463479750527,0.45734428147163203,0.018413452015713736,1
0.495235550970933,-0.547934564763524,-0.5198018338433152,-0.590855752094756,-0.11094591582259981,0.45621849385868846,0.018512746213311174,1
-0.09124094689707142,-0.5372203206563998,-0.5368418648511057,-0.551162646596156,-0.11068435791948351,0.4587502390303369,0.01836650794431479,1
0.3974720699538486,-0.5379991509661062,-0.5224321777484314,-0.5685043577356274,-0.11125299274786131,0.4530442024591088,0.018782745615773415,1
0.3730154100553347,-0.5256716936974037,-0.5213416318047771,-0.5954354841617011,-0.11100057741105163,0.4562196656874053,0.01851938832003459,1
-1.4378771571127444,-0.5541603132492009,-0.5390755455873363,-0.5293073026515861,-0.11129519011829356,0.4505196887535656,0.018255662599934573,2
-1.4494442158658634,-0.5525269018014239,-0.5392690221041814,-0.5092815205216453,-0.11136985533693029,0.44825574967452775,0.01812308551685736,2
-1.449803397607979,-0.5552145026296083,-0.5394016715290857,-0.5100669294680105,-0.11143510568527953,0.44892691650149374,0.018257910358113104,2
-1.4301014234405975,-0.5580401767351756,-0.5386449427715914,-0.5359453004606032,-0.11137161854883247,0.45134186014915717,0.01844584550633074,2
-0.9851886252749734,-0.5507299967915116,-0.5401289575151678,-0.5247636478611984,-0.11098271471679125,0.4485649512921414,0.01825939457881977,2
-0.9999828445091687,-0.5543957676431538,-0.5374428684380661,-0.45165589894047065,-0.10949263204989904,0.4420424313266735,0.019348937689121354,2
-1.0289715084158213,-0.5671133778891266,-0.5401044510140396,-0.5040533375857775,-0.11093999937811277,0.4524679964982838,0.01887272863705705,2
-1.0182309975313166,-0.5629176320673429,-0.5380272058381851,-0.47075458583703433,-0.11170246284527151,0.44804003263498193,0.01955148655941412,2
-1.0291849876546781,-0.5625621769331073,-0.5361936706417272,-0.48414361920796084,-0.11205992039309014,0.4493128240880746,0.01940671239332292,2
-1.0086578065594827,-0.5540124206886086,-0.5340455421137225,-0.44397896452560703,-0.11365730497761248,0.4413994692431559,0.018751422499223014,2
-0.9927814119822803,-0.5607361848072332,-0.5377545852877456,-0.417273033301352,-0.11321193925254897,0.44273772911135656,0.01810819703773852,2
-1.0081861570433885,-0.5558360932103286,-0.5353076583016296,-0.4269092195918003,-0.11375598440456847,0.4403798058896667,0.017964273192075497,2
-1.0047470908523546,-0.550374982563355,-0.529529133814043,-0.4243731752778156,-0.11481918698777216,0.4373471354226983,0.020096349705259885,2
-0.9789149269629452,-0.535627174871931,-0.5310510976847546,-0.41834243598642556,-0.11504068688944112,0.43038615747030134,0.01878726953420137,2
-1.429485484327959,-0.5575349752345687,-0.5386740459610997,-0.5346144372303417,-0.11137557212202659,0.4511412805570347,0.018418435246729013,2
-0.9735589399774098,-0.5672159727471838,-0.5323933363523449,-0.5193786601616214,-0.11184535280755244,0.45635138615566656,0.01782527533796726,2
-1.005545898449224,-0.5632376802196812,-0.5260727553853692,-0.546732833328984,-0.1105221632145651,0.4600103334414606,0.01791064577744302,2
-1.048113870231384,-0.5704573441112492,-0.5374454832769568,-0.4762144441274825,-0.10984588317148371,0.45738777435472766,0.019131396867900927,2
-1.0468651797566817,-0.5688845126231331,-0.5402162255052128,-0.5101491652276412,-0.11069698997370123,0.4537332809467137,0.018472378520477215,2
-1.033762904854596,-0.5679784135720677,-0.5335050666761318,-0.5137587996313706,-0.10988725340587024,0.4584973707926499,0.018706233574622914,2
-1.013541830219512,-0.5607871152202465,-0.5342193551019355,-0.44759727810836286,-0.1097580737056615,0.44976240177293014,0.020708689025129994,2
-1.0176501897740378,-0.5678385916511209,-0.5381752063725049,-0.4566648122285937,-0.10963021985273651,0.45239403347211676,0.018962591338982655,2
-1.0059773231104898,-0.5391375601267157,-0.5309024803214226,-0.43259879022381,-0.11159236840193223,0.4383352503974177,0.022033228204667413,2
-0.9742080496153243,-0.5319311669058518,-0.5349890733042033,-0.41908962739694494,-0.11181404871695733,0.43006565615842846,0.021464901795096525,2
-0.9815218703823714,-0.5346899155079704,-0.5366600689248655,-0.34903279288317046,-0.1135232881701502,0.4200895439268471,0.021911477109238648,2
-1.4292831268034178,-0.5567054912786796,-0.5386192306084806,-0.5371824477321677,-0.1113437685340037,0.4511945692119165,0.018377518428885974,2
-0.9668584079707954,-0.5583685572073882,-0.5386773917923049,-0.5098512831650658,-0.11122047983280063,0.4491248441750978,0.019097807741612478,2
-1.0056398626279404,-0.56533208696556,-0.5392684635448184,-0.5133693846695789,-0.11126609159917739,0.4519295396284822,0.018927657620092308,2
-0.9990352212813727,-0.5570881503498755,-0.5333779180197933,-0.47564451079258385,-0.11229832528481115,0.445981364978899,0.01999449978897657,2
-0.9933586197711872,-0.5561371368148181,-0.5352283335272662,-0.47279078408285014,-0.11273417028301944,0.44490231788035384,0.01814045986242784,2
-0.9984380318286136,-0.5419355721001752,-0.530912580899403,-0.3879825311460012,-0.11436939887649163,0.4298288507110945,0.014643656859315696,2
-1.0305098586667756,-0.5085894074504645,-0.5301202188302231,-0.3008132611650326,-0.1197984136648638,0.39877774279863293,0.016553965087573674,2
-1.0374022246755192,-0.545803424241243,-0.5323641360314108,-0.417450798761628,-0.11400925006663616,0.43525139422716025,0.016222535018981014,2
-1.0294822192560888,-0.5523943554275973,-0.5352230542656362,-0.40068846394403207,-0.11134539918781314,0.4404293322388754,0.015049472751919191,2
-1.0229185631116087,-0.5476795209233773,-0.536768898976696,-0.3633779886151537,-0.11229669835669229,0.4311888104171601,0.014919719535200583,2
-1.0087005618098956,-0.5611837873898587,-0.5376208359432827,-0.4788877075071319,-0.1115631290164611,0.4487693208653948,0.017422045151318552,2
-1.433298874031174,-0.556571378111935,-0.5389133884229057,-0.5388936309051866,-0.11129360996517429,0.45123206714945224,0.01836697314554217,2
-1.0062010354130542,-0.5650648984209989,-0.5397728777891158,-0.5125864348238003,-0.11095049565416808,0.4538207450933693,0.018107261220542487,2
-1.0039909519586223,-0.5601941501089451,-0.5377540967786667,-0.44719711996311007,-0.11180909380180544,0.44477419517673833,0.017009430478366235,2
-1.020007961490267,-0.5615366324562712,-0.5399192244954287,-0.45279594870780704,-0.11085042073407513,0.44741248042675924,0.017705532349450336,2
-1.0303415565842395,-0.5582478064907493,-0.5390729153716608,-0.4472411308915214,-0.11106513514471157,0.44741750868698466,0.017251681794787605,2
-1.0202033481861907,-0.5640988670659906,-0.537781691797772,-0.47095355393657223,-0.10984316039166497,0.4538255488956201,0.017867336211524795,2
-1.0074606615131312,-0.5705941152979143,-0.539735788356684,-0.49618827804737,-0.11057797270440684,0.4557032643627274,0.018845754176740382,2
-1.0165813891319844,-0.5682371676768272,-0.5350250506782289,-0.49764592179024936,-0.10992466022635747,0.45468759634628486,0.019235531440289427,2
-1.0110446486938622,-0.5440340244737528,-0.5404959641718605,-0.3731596502807834,-0.11082205697645058,0.4280011637740459,0.017773043414706504,2
-1.0247500830218947,-0.5317277502981851,-0.5403867456421725,-0.3379779541568772,-0.11015848787557686,0.41654582324816586,0.01937125305609489,2
-0.9904558828126794,-0.4945686892975349,-0.5391965246038456,-0.256545026436791,-0.10996743888447602,0.3839516551954803,0.022489316147367364,2
-1.427374784097576,-0.5560778512722561,-0.5385330206578641,-0.5379792838607429,-0.111337032744137,0.45113397288031926,0.018360286961792354,2
-1.0003650134119355,-0.47304208478010473,-0.5404775024013955,-0.2558776180765581,-0.1102393554133127,0.37349695179920245,0.01722154721763733,2
-1.0251889136623185,-0.49298361532042256,-0.5404372331962771,-0.17182394292916278,-0.10871457977170465,0.36417814942112214,0.018238740021103803,2
-1.0206086100963352,-0.5279913363278254,-0.5365720472746622,-0.29543098720198124,-0.1109930792405892,0.4077671190511196,0.012789353491009684,2
-0.9976133330627875,-0.5469738510827967,-0.5381156130248794,-0.4116124694694279,-0.10897946608599819,0.43565814151632615,0.019394290765726976,2
-1.0190152023115495,-0.5465000126568074,-0.537892497382794,-0.381540052093219,-0.10812255943083326,0.4320679100207289,0.01834485324786956,2
-1.035658919098682,-0.5565194938947372,-0.5359393173537329,-0.34344040789372804,-0.10667670769033459,0.4329417981938192,0.016459431829881174,2
-1.0275647442711624,-0.5661188555421154,-0.5375887932131593,-0.40811634521442997,-0.1092016028842046,0.4466237205127849,0.01679590997811078,2
-1.0575245610239496,-0.5637740528108024,-0.5352880735033736,-0.40350064918574235,-0.1077618018424413,0.4446960611355731,0.017425902251475396,2
-1.0363959985355757,-0.5555085850528134,-0.532278808740849,-0.5027403253069729,-0.10972928961063652,0.4495391385585481,0.017778444279418475,2
-1.048245767933034,-0.5705942239279861,-0.5358520748677809,-0.5289253520230013,-0.1103102356232966,0.4560232176690068,0.018543371601533642,2
-1.432846291598119,-0.5577836894868825,-0.5388394040911756,-0.5355068878535486,-0.1113619306336346,0.45121215869294556,0.018506422773221433,2
-1.0125526372568543,-0.5665318295212799,-0.5361725991793467,-0.5509785522380918,-0.11107788536694904,0.45895848263570815,0.018870141448736395,2
-1.0193954006294452,-0.5681950634710503,-0.5274752996392998,-0.5650069691799364,-0.11062024830637529,0.4572598640949344,0.018551307722293728,2
-1.0525622534625816,-0.568115900923376,-0.5328371106555654,-0.5011547506286075,-0.11186617001974401,0.4543091609752898,0.019659479018394328,2
-1.033924827341684,-0.5525626955183331,-0.5332543238644996,-0.3955846702311952,-0.11158324887471319,0.44229684210239945,0.02268119531399329,2
-1.0472161122524197,-0.5379520699448694,-0.5265586724444504,-0.3831315070357,-0.11710508884240031,0.4266067892334903,0.020459638774125946,2
-1.020502358484652,-0.5261792345572086,-0.5279122002830049,-0.40787585551557004,-0.11563197032317554,0.42672399646676085,0.020569958584078667,2
-1.027839223880974,-0.4871214673549642,-0.5229043456748729,-0.3744455538091938,-0.11858800783670695,0.4065575078832146,0.019378067912342645,2
-1.0089458345930848,-0.46750738706223716,-0.5181071808442621,-0.33128130945409456,-0.12203048904734316,0.3898897836830341,0.020514413170921755,2
-1.0012050588716626,-0.5400663823779932,-0.5265143909376089,-0.4795208412332396,-0.11206416690247764,0.4412337240214077,0.020896988252305355,2
-0.9848345206409029,-0.5325799486691226,-0.5337395774038065,-0.40991315815398577,-0.11410459516230823,0.4283157535219662,0.016546565755109603,2
-1.4264998134929818,-0.5574078047178707,-0.538829561665313,-0.5378531938009932,-0.11131651255488072,0.45141810081849704,0.01837741186685903,2
-1.00906694246421,-0.5531880973465333,-0.5329441907970908,-0.5321311724827295,-0.11157072580615507,0.45053674958045187,0.019075647610001047,2
-0.9925477173340993,-0.5595885799729237,-0.5328687124051948,-0.4811933459747711,-0.11278380170810098,0.44730414773946264,0.017819926553476598,2
-1.0337743353688693,-0.5662924713848426,-0.5264233774813522,-0.5644440057068721,-0.111394598584058,0.45506632463217983,0.018578333310072217,2
-1.04591618562907,-0.5695591401697137,-0.5313112019585747,-0.5276512778111967,-0.11105471324225447,0.4549053262164274,0.017534402383919047,2
-1.045359871850321,-0.5699803189919113,-0.5311792661546922,-0.5589278170146098,-0.11125818292494005,0.4560854976810831,0.018190850898662667,2
-1.0724726828252371,-0.5617074380036252,-0.5282918215525793,-0.519770195410345,-0.11202788287058423,0.45146730632356746,0.01768060634659424,2
-1.0371180171767327,-0.5694135007415125,-0.5235856770012056,-0.5061676479521849,-0.11153969752081057,0.454259125570268,0.016621754324705924,2
-1.0232106958877165,-0.5692516632186444,-0.5253591758037102,-0.5297255443044462,-0.1110633333114609,0.4552683627323542,0.017316844285192076,2
-1.0341811898856674,-0.5658367925578165,-0.5344287760978947,-0.4897564008585242,-0.1095483830342216,0.45076182088599326,0.018997003913744356,2
-1.0175096420901741,-0.5584776011761938,-0.5166305725792584,-0.5154184058614802,-0.11089843941570586,0.44959338580059216,0.020490952368871607,2
-1.4272620101304896,-0.5584700431147174,-0.5389322862745995,-0.5380039600591983,-0.11131202711970674,0.4516663998030939,0.01839630827189396,2
-1.0200845346879375,-0.5632635490678758,-0.5334411561609383,-0.49012194782290236,-0.11135168048938604,0.44989970040847693,0.020092216561731664,2
-1.0071127693455537,-0.5507517968979354,-0.527734963851262,-0.4134745331339562,-0.1092838837255863,0.43627642820695167,0.023046272577042802,2
-1.0044221158795716,-0.5537888993445826,-0.5282417672406072,-0.4042757819649205,-0.11159476749053084,0.4369609008725077,0.023581367353151736,2
-1.0103614212379552,-0.5689209738873973,-0.5342379508317595,-0.48669900925230025,-0.11135548106365346,0.4535276301064684,0.020072010479917208,2
-1.0321562956965271,-0.5676144903631689,-0.5375293177306693,-0.4656524051667462,-0.11187721084224594,0.45622269924141734,0.019669080648328976,2
-1.0244442702378695,-0.5672558166132203,-0.5373146334386989,-0.5266964672039274,-0.11084566723170548,0.4587756132063516,0.019084587513762158,2
-1.0091183048087666,-0.5628776467820215,-0.5380316050998973,-0.4698628579217405,-0.11014550470467158,0.45561297477442686,0.01945502417689522,2
-1.0548122008691132,-0.5620649639048976,-0.5390974984226912,-0.5028910768676217,-0.11040242287946898,0.4594779232081652,0.01872370481194304,2
-1.0530795549785497,-0.5619015339143794,-0.5360269021914595,-0.5123456907932433,-0.11031230998065802,0.46039444906149823,0.019132034479040633,2
-1.0204337596544673,-0.5703983676072273,-0.5369948259718544,-0.455060877502623,-0.11211050581022147,0.45655569369219473,0.01988262653902474,2
-1.4240543889904274,-0.5593702671883831,-0.539124432304518,-0.5365693851107879,-0.11128567709555419,0.45198884323940614,0.018356124694199744,2
-1.0182369270425236,-0.5698864959049572,-0.5357912536626906,-0.4198124279566217,-0.11050960297807266,0.45293353023532706,0.021290242013552903,2
-1.0210562619919816,-0.5619434612618346,-0.5390250549686747,-0.48774741618104955,-0.11020720319417115,0.4595744505474836,0.018675108156774246,2
-1.0356990038654563,-0.5628680451525303,-0.5366519314183151,-0.5245282493284202,-0.1103851070860565,0.4615468725910684,0.01882062403978518,2
-1.0403579114425816,-0.5526161738936742,-0.5338918202584472,-0.5474279390576008,-0.11122614482390684,0.45781969115185955,0.018961865577567613,2
-1.0770404077718234,-0.5610409238521666,-0.5362814688120575,-0.5608859224807458,-0.11093992600791264,0.45928430917615914,0.018759533716564292,2
-1.0533864841943166,-0.5534243281565109,-0.5382892162305837,-0.47303671287292504,-0.11212062386871934,0.4507117349299602,0.018836038635882926,2
-1.0363745819805308,-0.5234954306157198,-0.5338475230607505,-0.43298924233446406,-0.11367380132574392,0.43207868087360074,0.01715386699248097,2
-1.0232771747557412,-0.5067282709405805,-0.5312400519413493,-0.286006884725349,-0.11992883100299705,0.40463548311507985,0.02057293620291758,2
-1.0333261288447264,-0.5243346022000581,-0.534923345812157,-0.37992836479463354,-0.1145820744992261,0.43205101605221463,0.020650676760839502,2
-1.0259732719936483,-0.5302708157984766,-0.5367651871435167,-0.42020460250697517,-0.11293765653342838,0.4310793024996049,0.016881086944124844,2
-1.4292554251142808,-0.5577445066575142,-0.538831796981096,-0.5420867270653378,-0.1112711277943416,0.4518915274259589,0.018364955780239882,2
-1.0278119257495926,-0.5195062705841046,-0.5392015120966839,-0.33740404198897506,-0.11321983337577102,0.41260619405242654,0.01688145329308121,2
-1.0233040313462824,-0.5454012593785741,-0.5379270367178803,-0.4816730740255236,-0.1119192410351197,0.447386853865488,0.017861743946399822,2
-1.047735642542175,-0.5305372331518915,-0.5376506237479755,-0.46361724773642715,-0.11112453609505818,0.43578790496763253,0.017056920662779345,2
-1.091120028070228,-0.5348435888455252,-0.5376175500951383,-0.5056503430659633,-0.11074009412316707,0.4435597366400027,0.017711571119881267,2
-1.1086948097632892,-0.54135917676368,-0.5405745069607558,-0.5434756350821891,-0.11105090851320215,0.44996106637693456,0.018467076795661234,2
-1.0764322083751026,-0.5508246967474104,-0.5363253897391501,-0.5454708739753057,-0.11104136529894337,0.45221418261716695,0.018080240923817957,2
-1.087941098517017,-0.551134278478098,-0.5378843082862687,-0.5360132125576921,-0.11076871130524825,0.45000361649990545,0.01812973217254553,2
-1.0907923924620033,-0.5451632996318956,-0.5365532385610163,-0.5545961482369169,-0.11089772318174806,0.45125967727169886,0.018208526074294164,2
-1.0776122967991915,-0.5571193310586209,-0.5306114697350087,-0.5564578957274046,-0.11081604393420243,0.4528845218631517,0.01808261944828012,2
-1.0771263492453986,-0.5330031299591018,-0.5376623191024826,-0.5264470857982877,-0.11056873122758527,0.4466615673115567,0.018131460762259046,2
-1.4483465443843075,-0.5548540869860411,-0.5395618787961823,-0.512380429741594,-0.11138243508902888,0.448918239315594,0.01827002553765576,2
-1.426900320525912,-0.5552416519353741,-0.5381763664527127,-0.5409412770533052,-0.11131543734919919,0.45137661780764576,0.018317588204965207,2
-1.0883419254793414,-0.5163742911991932,-0.5404028448569504,-0.44528664020955455,-0.11061172054149569,0.43151233874694517,0.018867802068932193,2
-1.0914399501031262,-0.5250737928461706,-0.5394666812011077,-0.4885250875318717,-0.11116353422911202,0.44152799752694233,0.019164243722379314,2
-1.0963600362930748,-0.5011506091639759,-0.5381720162967999,-0.4057403802268771,-0.11220562467815803,0.42354120296320086,0.020429678173177278,2
-1.0509581588501207,-0.46077805143927836,-0.5401342758584455,-0.3941907731300749,-0.11214209389829559,0.4042539329454031,0.018658351366585512,2
-1.088493809479296,-0.5083979002396335,-0.5396031488014302,-0.414741620280617,-0.11079967440408513,0.42712083243545834,0.01987105147328104,2
-1.1064800908295245,-0.5364290787864229,-0.5376756389597224,-0.4963646955537399,-0.11066880262715034,0.4438833108643469,0.019406387391986527,2
-1.073024863639662,-0.4970769892141348,-0.5394902861104068,-0.3362710533625316,-0.11319426844341995,0.41279072480129964,0.019674835249869276,2
-1.0802259863153645,-0.5344085931664994,-0.5369885339318274,-0.4795586468407783,-0.11109426581934916,0.44159809327575056,0.019836021455514795,2
-1.051117762204788,-0.4303230248010266,-0.536697700286816,-0.29367607020034514,-0.11604317139080035,0.3718190800721317,0.021206463309773705,2
-1.042254048114489,-0.46351983656806756,-0.5380311751606778,-0.3230115424643835,-0.11498779391359401,0.3924849194930579,0.018950339779755784,2
-1.4350613510894985,-0.5556275844368168,-0.5383890034924437,-0.5327705218040968,-0.11135317424154233,0.45041323042611275,0.01826188315294642,2
-1.0710363518519812,-0.4943664295051357,-0.5382756915110711,-0.4100199093233428,-0.11315892032495921,0.42551009522960553,0.01841254737843654,2
-1.0745656856390773,-0.4915434243958264,-0.5382815289230334,-0.42086490181978997,-0.11293045478553523,0.424025202034845,0.01891884901461314,2
-1.0727631018085155,-0.49523755916818657,-0.539117737737424,-0.39020219993695143,-0.1127104972838381,0.41799710746487984,0.019575632137767206,2
-1.069042877163088,-0.4836925332104551,-0.5365229563093986,-0.3507906583797084,-0.11506423328761659,0.405859249407155,0.019865531057121515,2
-1.067127553995478,-0.48670085166317334,-0.535685009852857,-0.3344757638885344,-0.11602645778280331,0.40664371392737236,0.01972926136457714,2
-1.0812312290559125,-0.467590534857096,-0.5332898393368565,-0.3193531241032307,-0.11576533804412122,0.38914169369045243,0.023378255006811982,2
-1.0562218830863965,-0.47951445159284534,-0.534452908174731,-0.25614829793052196,-0.11884737502227963,0.38481753416559905,0.021837731400032784,2
-1.0716980570289896,-0.5202200926297432,-0.5397564265228177,-0.4161946273392194,-0.11222520672060109,0.44825086807957126,0.018182384427561118,2
-1.0915824358175108,-0.554730481627891,-0.5376779068929969,-0.3943475744553332,-0.11339748303745156,0.45891076068231273,0.017225926585730165,2
-1.0878787304208224,-0.5439421527290299,-0.5388630561066752,-0.4801093238395314,-0.11191053624743144,0.4585854725314299,0.018706983884995445,2
-1.4314321040814273,-0.5570688543360764,-0.5388090767960775,-0.5437625956695439,-0.11124120367219793,0.4518347705095309,0.01833893417682989,2
-1.0992510151249941,-0.537157622868229,-0.5392276998488648,-0.4961095002992091,-0.11160926179293772,0.45558718067713266,0.018782163275769717,2
-1.0910998951414397,-0.531786508823697,-0.5397153293904531,-0.5192762211215883,-0.11134973710510582,0.46099254742336143,0.01839134685117109,2
-1.1116121793267393,-0.5325650152533655,-0.5399429745593518,-0.5698822889705611,-0.11101437387405652,0.46098010864138755,0.01844057424703748,2
-1.0952633588856608,-0.5459191550110838,-0.5398808851179863,-0.530293672667144,-0.11107823435056279,0.463335024019721,0.01825292366553789,2
-1.1033262019202779,-0.5432908807001383,-0.5403812669483524,-0.49827356965622993,-0.11113310244529591,0.4638852855142047,0.018253142359743166,2
-1.0847328886407528,-0.4940144666885692,-0.5391370456166159,-0.514307578491163,-0.1112513448015244,0.44962360485217606,0.01895298841630233,2
-1.067884529691013,-0.5181547182587434,-0.5403031671028187,-0.4524598236922985,-0.11152539670285593,0.44181445053632606,0.018277445728630434,2
-1.061291782938017,-0.5200413128058367,-0.5388979337323774,-0.45694876061368284,-0.11219462243292024,0.4421991241566737,0.018328136098720933,2
-1.0563712429247896,-0.5068537934394272,-0.5400483018134227,-0.35995436644231077,-0.1123820446914532,0.4176523408750128,0.0192403679526997,2
-1.0699347010814544,-0.5263109876959031,-0.5366381675634341,-0.4024647602247668,-0.11358674488460803,0.4318703531408423,0.017050071963884573,2
-1.4412653975369556,-0.5585565732048147,-0.5395502968996364,-0.5485651905832396,-0.11113083310405988,0.4525919083604603,0.01835904618436572,2
-1.0759354829066523,-0.5062815168890842,-0.5400220997616142,-0.45657121121723165,-0.11169454678177691,0.4327153231300366,0.01827775202221694,2
-1.0857799952884737,-0.5167383327310086,-0.5401063318426017,-0.45444752046983533,-0.11158189917649433,0.4360104208220678,0.018124861101326616,2
-1.0700529387199553,-0.5042417099641833,-0.540664180996324,-0.440200329432908,-0.11095352765428601,0.42528639189694517,0.018575290011866936,2
-1.0627804937885972,-0.5070613118618488,-0.5406492985746205,-0.4431789832100063,-0.11088659645237828,0.4276492250628994,0.018407587178765502,2
-1.0528157461733663,-0.5103628623354965,-0.5399646027731313,-0.45452305879179244,-0.11100723510584015,0.42984498612664584,0.01928422114539259,2
-1.0469514021996675,-0.509542837284523,-0.5394952119742497,-0.47355483027330675,-0.1106715920224086,0.432601893310529,0.01925098930071499,2
-1.0413405030529965,-0.49900770564056773,-0.5394415868210124,-0.47101888021097604,-0.11078939215101255,0.43078882769273497,0.019336349448118035,2
-1.0506964402449985,-0.4965625266504288,-0.5390722521406611,-0.3230304782083441,-0.11348754738188688,0.4032324271949251,0.020375989025639706,2
-1.0227184125616666,-0.48263547773415677,-0.5361431114922717,-0.40807296019267547,-0.11398017227429456,0.42745711352652177,0.018986066756201396,2
-1.004727659498053,-0.4615414295657554,-0.5362914488575455,-0.39720828460503177,-0.11419746593757685,0.4171891373687189,0.018075220222700694,2
-1.4503573658878706,-0.5614395424007005,-0.5396500210713836,-0.5534368266266204,-0.11109716325342811,0.45368061640363444,0.01837854487445133,2
-1.053479182735517,-0.49254520115043243,-0.5392682299783748,-0.39858132198715623,-0.111197844755116,0.43251389442545696,0.016727677854577166,2
-1.0266250455217103,-0.5265277238851376,-0.5398361371926232,-0.4611930709430923,-0.11128603758817364,0.4620631584637794,0.01777584005730684,2
-1.0560122098440916,-0.536167358489512,-0.5404727350296967,-0.49327599247958437,-0.11110722459500882,0.45962215208559204,0.01827607562268915,2
-1.0602852950393762,-0.5543739795604662,-0.5400592808132816,-0.48074248703669886,-0.11141155887027833,0.4619084799525881,0.018166260104498656,2
-1.0714513521180546,-0.5623042280874629,-0.5396538071326907,-0.4982963592955059,-0.11149697548679995,0.4628960887841859,0.018725255233577938,2
-1.0760081407193132,-0.5636162894708873,-0.5389504589970768,-0.5059907641541527,-0.11162317284816757,0.4621327302069086,0.018439196168460195,2
-1.0614404347521509,-0.5467324661778742,-0.5406275484609357,-0.5256649725083558,-0.11106371560767951,0.4590406539201617,0.018524854681021285,2
-1.085450614044256,-0.554193088112422,-0.5404243382857561,-0.4703011104027393,-0.11138054679396091,0.45944956126486114,0.01856896925131497,2
-1.0491824189631265,-0.5534338196498765,-0.5393792344962005,-0.5088739448047175,-0.11150490077338404,0.46066932824645834,0.018620502567259372,2
-1.0659122800886804,-0.5538872403223629,-0.5388789955395848,-0.384921107102117,-0.11084436569346717,0.44650184661784414,0.016277029353105488,2
-1.4628593521563855,-0.5580590628578171,-0.539960730533794,-0.5373422319569013,-0.11108225506656683,0.4517179837580309,0.01831001763765199,2
-1.0333803573173883,-0.5384663767221478,-0.5402805627759886,-0.3642635912206662,-0.11143100395961958,0.4335316054621412,0.017390400543774654,2
-1.0451095211907686,-0.5305887893889771,-0.5405326039008704,-0.38015691864582946,-0.11162585575031742,0.4350151831163848,0.01836191893288674,2
-1.0047357415229037,-0.5488611648689804,-0.537308219157727,-0.3677627896704602,-0.11294755778618591,0.4380013124482392,0.015661246915066877,2
-1.02002917828678,-0.4867768470370776,-0.536710746351984,-0.3000106079193616,-0.11654221009021107,0.39628609386415026,0.018336190920271233,2
-1.0196148995166527,-0.5348809358796559,-0.5402809211355383,-0.39116222717214516,-0.11199717726693978,0.44260972546333066,0.018398123277509792,2
-1.026022728068731,-0.5127628306770198,-0.5401991321298251,-0.4381395860225788,-0.11156166194571075,0.4326539611152562,0.019001042171733633,2
-1.029858013895339,-0.5212361634356565,-0.5405500825763038,-0.4405708644231141,-0.1107851058752755,0.43594286344071814,0.01880973293101472,2
-1.03007760411738,-0.4959477748231478,-0.5396282399700667,-0.43195657270197513,-0.1103843269356821,0.4267352813683899,0.019513052773413107,2
-1.04056539248937,-0.4674917086600672,-0.5384336703274454,-0.44006955845628193,-0.11151264123714062,0.4173685037688085,0.020019934309022807,2
-1.0113231988309193,-0.42164519279393187,-0.5352111637879072,-0.33539619536094556,-0.1161885783851368,0.37862028272233944,0.019945387876633754,2
-1.4615204353196725,-0.559701693330305,-0.5400560583652676,-0.5396561038527609,-0.11103670648425995,0.4524006362139284,0.018323142509235304,2
-1.0345590265496705,-0.4909119990443982,-0.5385609744871633,-0.4318738490253256,-0.11224541266141817,0.42090953905106226,0.019633116080759915,2
-1.0395049990443022,-0.5014849428961125,-0.5397028902613668,-0.47995041477314243,-0.11166161569150232,0.44042583638503985,0.018341106065207325,2
-1.0652904764382183,-0.5128515805389872,-0.5403444448921602,-0.524988957600812,-0.11114726455984356,0.44643371456937253,0.01838642884439837,2
-1.0803417765106371,-0.5411062257807112,-0.5386968820966231,-0.5104352061860866,-0.11159860313319529,0.4544668232377384,0.018333801384316645,2
-1.0899150488043037,-0.5402427141567299,-0.5396555698970257,-0.5432643998783454,-0.11114057463227418,0.45776948452632227,0.018339004446369978,2
-1.0799472723886905,-0.5586399282081477,-0.5402066453305896,-0.4820111218879385,-0.11064289226279266,0.46669802675031724,0.018213544143179224,2
-1.0717094429269336,-0.5462629423025134,-0.5387772600652748,-0.5009225086439828,-0.1102867476318201,0.4622274255518045,0.01860012785371854,2
-1.0667958978500514,-0.5560797325689893,-0.5400468722048943,-0.46725666543783956,-0.11041719474039151,0.46285389180468123,0.01823653994936498,2
-1.0589411633831398,-0.539079461796812,-0.5405866900561471,-0.4926303753961758,-0.11098098878904465,0.4496892507818086,0.01867518365632526,2
-1.0357703088204906,-0.4923667377374162,-0.5364737787106361,-0.40106730999087636,-0.11080668049843899,0.43070042969162553,0.021543932463760324,2
-1.455028526258133,-0.5579281172426541,-0.5396968399186307,-0.5371372248691186,-0.11106417113043524,0.45190297091847154,0.01826348002687819,2
-1.0553624940743114,-0.47776327455723777,-0.5352582509937841,-0.30793192527615604,-0.11195711561061757,0.4029604960316774,0.024603384300149925,2
-1.0034861224671008,-0.49877815701775446,-0.5386638954523002,-0.3532869419589198,-0.11069033451511487,0.4137316276801702,0.02140360710000135,2
-1.0054555641920437,-0.5108353957411736,-0.5389066939903006,-0.38660239546857766,-0.11074879548691753,0.4211068431197968,0.020686622965036858,2
-1.0040365180963147,-0.5302692447173593,-0.5388238990417152,-0.4451622752558468,-0.1114797134457303,0.436811249538979,0.0198031114703065,2
-0.986818341962092,-0.5495256342552861,-0.5389954826870211,-0.5060473574585446,-0.11106363306500723,0.4467346095589666,0.019119566592036022,2
-1.0518015411609656,-0.537261957500955,-0.538084384630442,-0.47615651715746693,-0.11136598895268812,0.4403110710767851,0.019613254947357727,2
-1.02504424506923,-0.5215620313653578,-0.5364877780205694,-0.4535028599319839,-0.11187926099279455,0.4342238752060697,0.020207178920257647,2
-0.9906371645176942,-0.512033034087515,-0.5324212904110975,-0.4208816851461114,-0.11337955435350035,0.42353170188064193,0.021278236771120982,2
-0.9694491648989446,-0.5171421848312295,-0.5289944139413786,-0.4586021478270172,-0.11403330578384643,0.43434424479152406,0.01884383713495523,2
-0.9784057665743424,-0.4979818153355051,-0.5359979015720641,-0.39267610396467445,-0.11423763312558467,0.41349298108345,0.019680187865553898,2
-1.4563674452852522,-0.5594494162777751,-0.5397797955189576,-0.537712542459201,-0.11106056675455067,0.4522111376511651,0.018277481936449052,2
-0.9984517512588578,-0.5212774151063818,-0.5355760955912117,-0.4898536238026871,-0.11225949726430741,0.44067863226844933,0.017954602211364787,2
-1.0186838756114964,-0.5212536706454421,-0.536627150594278,-0.5046564912841495,-0.11190892092285329,0.44320490946271546,0.01813373037501254,2
-1.0165197365939571,-0.5408582067001779,-0.5392115207787467,-0.52574245083495,-0.11128341561551926,0.452707771714802,0.018225075013159116,2
-1.0287971473369935,-0.553663754674045,-0.5404359055310024,-0.5592069586411412,-0.11100370275173081,0.45678059131920373,0.018444726933375087,2
-1.0310999770603368,-0.5527274671786869,-0.5390254276061277,-0.512832360008433,-0.11095549384236876,0.46062653821701355,0.01905011623232907,2
-1.0254145363751193,-0.5553074736172763,-0.5389520454253987,-0.4827487047476914,-0.11127406360297797,0.4624640592538564,0.01933689784580343,2
-1.0210954706317412,-0.5120959918076816,-0.5345875215177847,-0.46302049558347885,-0.11309410768937417,0.4377643701664223,0.0186408048425311,2
-1.009940531613562,-0.4982521542677524,-0.5347932695062593,-0.41628502338548956,-0.11421634652616866,0.4252268336286259,0.018655467573310682,2
-1.0104973696170774,-0.48298772425993,-0.5329524104238188,-0.42282113356597695,-0.11447264506018746,0.41867809059122724,0.01813293144811464,2
-1.026457659545667,-0.5066140983749683,-0.5395408370402298,-0.49311592520354064,-0.11159605056885849,0.43600005815817794,0.01834650009380548,2
-1.4595925353763872,-0.56000360497973,-0.5398405176392721,-0.5410903896073943,-0.11106026364585629,0.4525005998132741,0.018305808361478732,2
-1.0668070684260744,-0.5067202379993125,-0.539538874425997,-0.4908244568032503,-0.11141721836182343,0.43554615935997304,0.018027545409756866,2
-1.0323326545846572,-0.5020634488010706,-0.540276556436477,-0.47268504489942714,-0.11100244675238342,0.4313132276869793,0.018034459599205452,2
-1.0615345433027028,-0.4547369119663508,-0.5385813064989448,-0.3696487366084095,-0.11228112585360978,0.39945612990875656,0.01615067539968153,2
-1.0552056007512658,-0.448499967096344,-0.5385151454787612,-0.260742733669875,-0.11460859898689356,0.3753023513598338,0.015189509131053323,2
-1.0435133124389284,-0.47711494893524276,-0.5400289018853378,-0.42036841168892036,-0.11187842317734875,0.4247074539180737,0.0179828037931901,2
-1.0716383373594618,-0.5063553271399428,-0.5398767263303238,-0.41061716419457456,-0.11193533678388393,0.4331300181444725,0.017705815417213538,2
-1.067128483504689,-0.5019086036181442,-0.5402478698851442,-0.46585533636545534,-0.11145688078304403,0.4442164601847971,0.01823507630883277,2
-1.0777327989817578,-0.5089702833086268,-0.5405226970220388,-0.5066494865410774,-0.11083521105933138,0.4604513666055434,0.018424446892544334,2
-1.0860529237533783,-0.5145534485564549,-0.5399872517911343,-0.5218678589656213,-0.11071918919210487,0.45770461251641986,0.01839758592987321,2
-1.0818979299701745,-0.5325794189509317,-0.539693985118466,-0.5477312461091659,-0.11117871307607996,0.46442287794800025,0.018444625515546507,2
-1.4363766193703391,-0.5557083427527119,-0.5394927820157572,-0.5309461944084811,-0.11129896965318538,0.45071148319178855,0.01838884370343611,2
-1.419535731330583,-0.5517490379796833,-0.5390198878561312,-0.4850101280889628,-0.1117560151630867,0.44455045316062963,0.01815414418959463,2
-1.081392641060057,-0.5326775091981023,-0.5395585322831619,-0.5010077673120219,-0.11144656463497211,0.47100386327484506,0.01819760055466665,2
-1.066199774530705,-0.4959621896678462,-0.5394560706808553,-0.551434840120624,-0.1111142878972256,0.4655769367818628,0.0186581567062453,2
-1.0850563109554008,-0.49884120501728907,-0.5400316715260526,-0.5363816835898162,-0.11120676149136575,0.46164277369065887,0.01853006663651916,2
-1.0893990238201126,-0.4743041407117667,-0.5403963893870419,-0.5361733316566858,-0.1111347047203003,0.45747833886129685,0.018491192143523072,2
-1.1024020337746627,-0.4598698149673162,-0.5399406325109956,-0.5218355674103621,-0.11124127912571485,0.44941780728340847,0.01831992407623665,2
-1.098745074131986,-0.465577183078316,-0.5401396420027185,-0.5027288234978174,-0.11135019229361211,0.4451941540762885,0.018403911622711284,2
-1.107525870078218,-0.4455120175081894,-0.5391677563689792,-0.3613132656032504,-0.11257591324249225,0.42165929385345047,0.020324347225587038,2
-1.079751006404633,-0.45481565397524787,-0.5389864149538575,-0.5166511349237793,-0.11148898787385231,0.4449175989807181,0.018345306491601696,2
-1.0724104869770543,-0.43695908176652304,-0.5388143321943514,-0.4987239612305869,-0.11172948582784628,0.43528607011088716,0.018476157451617948,2
-1.0647815293398106,-0.47246775474372044,-0.5384095572536528,-0.4752128607885486,-0.1120652852540919,0.43903277001288976,0.018202698540516784,2
-1.4153991562176744,-0.5517104255291645,-0.5388693239018095,-0.4858298289481303,-0.11174726425483018,0.4446072716709064,0.018077941764893538,2
-1.0592002677374652,-0.3903535413453071,-0.5353207244107454,-0.38535759370592804,-0.11487535590252664,0.393885807268422,0.018810854231112194,2
-1.0647611953102833,-0.40719196541098224,-0.5386430785251058,-0.42534395704236355,-0.11273431637465747,0.4055801081511854,0.0187407065928961,2
-1.0619371029306985,-0.40076981853238974,-0.5389919275730121,-0.46019556296058806,-0.11210171499781493,0.41240371613263094,0.018235789144014913,2
-1.0580508981569787,-0.4532525488560301,-0.54019119766809,-0.48055784280045655,-0.11125026532908333,0.425549401663125,0.01810569096601909,2
-1.0591593813929467,-0.47681665177742927,-0.5399927303060834,-0.5004667687411057,-0.11095580938414092,0.4332996054852649,0.018082679804444265,2
-1.056227768285421,-0.4390155028980909,-0.5394632215705666,-0.48752010600254664,-0.11143315710561354,0.4270096620110438,0.01797373749801706,2
-1.0200187316373996,-0.4612796369736405,-0.539293067499216,-0.48227670820715324,-0.11048906006670543,0.4309438167528569,0.01790316105428994,2
-1.0436366542349502,-0.4708654764183454,-0.5406454126238698,-0.4837221483095863,-0.11107575869213118,0.43770255409360176,0.018574670611328597,2
-1.0207937892031225,-0.462593195040388,-0.5389445645004324,-0.45175027668462614,-0.11221522327025935,0.44515486870619686,0.018182540347731025,2
-1.057994957455939,-0.465407337569366,-0.5406241832738269,-0.47255730078548197,-0.11107854042947463,0.43616593817692056,0.01836811848078516,2
-1.3984386003267475,-0.5536317576114009,-0.5398093842092028,-0.4835447217263601,-0.11143302975172983,0.4451197590359851,0.018074835057138455,2
-1.0622151554356394,-0.4932380387686016,-0.5405132139105949,-0.4776912118010503,-0.11073066325701283,0.4568789965737734,0.018410327578641136,2
-1.0354623551386604,-0.4862416006572047,-0.5384712141029536,-0.4396097652017495,-0.11245580978627152,0.43695756137030234,0.019170436226505664,2
-1.1383716616588602,-0.37047872723992137,-0.03321468592206655,0.04149944333242011,0.013161489168933945,0.2512093116230186,0.17029756312807698,3
-1.1387543185700408,-0.37113384086550494,-0.032037187051073175,0.04273511355084463,0.01501512967688307,0.25179865900117626,0.16982177473839338,3
-1.138016325177431,-0.36977102877597395,-0.026792276795650376,0.04869080503362,0.014439422789205762,0.2484421841719547,0.1751209693310318,3
-1.1545933666266144,-0.4094139332981153,-0.03046671052562823,-0.07050820695292634,-0.031969191592900056,0.3093019260879105,0.1426616277037412,3
-0.6300643239207997,0.06216925346152995,2.851801047129632,0.3030867855899655,-0.9372696488151481,-0.10344067313044834,-0.19062909830375954,3
-0.6449580249724779,0.23303396600031184,2.801840360565711,0.4647256395577932,-0.903475839973356,-0.28151585210776786,-0.7140966689463837,3
-0.6602807228217061,0.19454847379118476,2.44783206146784,0.40625222353213103,-0.5529237176167537,-0.21233419517607433,-0.8049742466189311,3
-0.6288653854067305,0.3699560921662615,2.626530478092375,0.628762875363654,-0.5192648693964591,-0.44733671361347477,-1.2128329593094695,3
-0.6463340447916752,0.24306635182553762,2.30460555933385,0.6167158357285292,-0.12542183168722434,-0.3607005067427626,-1.1917476389957784,3
-0.635415474326939,0.32428700225751994,2.1586151217429363,0.8169039743990559,0.5589156656465367,-0.4881332648602349,-1.306607067569242,3
-0.632794659528283,0.5782884713550415,1.8648139482494643,1.1443869383041747,1.165725125464391,-0.8605468153030589,-1.4152308921905945,3
-0.6285686903586579,0.7319904134725979,1.7561911624253081,1.44419617898369,1.5809954517907092,-1.2323119483198774,-1.6577507257134734,3
-0.6057405547071356,0.7603381263471359,1.4382245254715809,1.6290715614305764,2.2927239733242115,-1.3764102636376656,-0.7627106190644883,3
-0.5687077923268361,1.0155802153293705,1.3235257512640055,1.9846885005211667,2.9385107406639706,-1.8361743092195633,0.3364252177986899,3
-1.1496434054382476,-0.4166705732375043,-0.014369733433875187,-0.06118160587181764,-0.02248855524590959,0.3115482972868988,0.14394582754517507,3
-0.5829127693325405,1.5347384525549264,0.9251884634320773,2.435336330646925,3.204363578952324,-2.6437820116399635,1.0017064075880129,3
-0.5618480049715688,2.138237832342299,0.7504223200253942,3.1333949060939887,2.9682584100157396,-3.933031587498705,3.1740030749526733,3
-0.5498201455573556,1.7642211394183467,1.284116146704899,3.2073864034778103,0.9937332216075899,-3.7325981478652563,5.278636958654,3
-0.5687828696698547,1.2575080978776394,1.2294395131761662,2.8594151650376127,0.289286367071642,-2.8177542913687046,4.584032779152965,3
-0.5536240284729457,0.6759221636840136,1.649988659880542,2.669947049873014,-1.6809508987551105,-1.970501450288446,4.437907963909773,3
-0.5783748608609183,0.12048195018434506,1.8360942662997186,2.2016423825668694,-2.0571173640489104,-1.0793769976600172,3.3739975106770452,3
-0.5550251704841914,-0.05785764958039679,2.382718459696314,2.1423005609842285,-3.0716808498713286,-0.9288625429444035,2.9638239367222217,3
-0.5635204141654274,-0.23061023441188752,2.2793057555931773,1.927146700269614,-2.9100266214453114,-0.5975525819548997,2.3322520469968753,3
-0.5923533665752886,-0.3270712987231346,2.4085721461834635,1.8415971548543058,-3.638563629709783,-0.47791401050888055,0.3219580051347436,3
-0.5716645571487089,-0.4007718912714,2.428402798156058,1.7413812536323152,-3.363134779455663,-0.2753513052082255,-0.7180924913169487,3
-1.13495990498137,-0.38658562959202547,0.03831615783568651,-0.026514306548136347,-0.04801070868304821,0.283618775784781,0.18339027881438721,3
-0.5685622981521242,-0.19109583221921278,2.4587700394987855,1.815608156377217,-3.0246632894887098,-0.6063997506832148,-1.926659508586679,3
-0.5699173043468133,0.36602587318813945,2.09528638279062,2.218767067592364,-1.932593984991618,-1.4677380970203313,-3.677275083041265,3
-0.5791391643993052,0.9004875985344097,1.4452268846918432,2.410909893669741,0.15715918307803706,-2.1886350924529108,-3.913453543797268,3
-0.5622669615688374,1.7747545266255143,1.1547687693111677,2.8222622889733473,1.7145633467197017,-3.408400066372368,-4.007121463565695,3
-0.5633500270340316,2.148602652214828,0.7893387374971538,2.922826422071425,3.3359525049294083,-3.8937279906425073,-2.220375780743443,3
-0.5608432693152281,2.1786096677830176,0.8288043598645816,2.9047318953764925,3.819268112777252,-3.9081745690834158,-1.3034194450782859,3
-0.5418644482226384,1.5404708039857993,1.2498803011247714,2.538438722156274,3.9077053733909612,-2.995483141217187,0.16994663800656143,3
-0.5286449404585641,0.8795203329419728,1.6595858034071802,1.9762843684739022,3.146783867140359,-1.8911896152863177,0.6261061595785803,3
-0.5800910985595474,0.9470939094911538,1.7311898314116978,1.794828319280507,1.3982701233956303,-1.8338419189114066,2.6074922045462263,3
-0.5552934182963878,0.3539762276919198,2.380332693558674,1.4127973638675824,1.1480719622374937,-1.0277928160654608,2.312994520917702,3
-1.135542949722783,-0.40147324896506226,0.03619503897371429,-0.016642039077730753,-0.040563211621328345,0.28772583636819926,0.18502906893053703,3
-0.5807133108764433,0.28547309977313906,2.4121895020954875,1.2318450706382287,-0.02264913184475566,-0.8635225818241051,2.296141131679305,3
-0.5769273899729908,0.12160171974034624,2.67362849184407,1.0499877993322495,-1.1199457535924682,-0.6143358066805635,1.7885910150147066,3
-0.5892019333089031,0.01405674827872313,2.8270073249928447,1.0486261233059524,-1.6298697788161967,-0.5271284296779426,1.4522455566752877,3
-0.5770789614897722,0.020215664696153643,3.0276512213512667,1.0310128025431982,-1.833111733187255,-0.5179290538368917,1.252082215209235,3
-0.5859891098750019,-0.06282312507669362,2.9977699506518367,0.9982874050733677,-2.009087444394388,-0.4321665123901575,0.793421068671994,3
-0.590570483265036,-0.16481042703465973,3.0448280256978237,0.8322109757300342,-1.8618849635699073,-0.25426613246951646,0.0989726837320481,3
-0.5991405735733937,-0.10824572894913528,2.9785223243441687,0.8863303232409567,-1.926353834264712,-0.3309276604267369,-0.2530469228376261,3
-0.5819053641421781,0.02309458004872418,3.228526436918474,1.2986161391043654,-2.4378476495990444,-0.6843772643297497,-1.4219177362392315,3
-0.6093158541031212,-0.06829039095889236,2.791801767849202,0.9723070940732453,-1.5831157937866076,-0.4124647103838127,-1.2387631369300927,3
-0.6065460899740908,-0.06960512862643084,2.656970845372055,1.001700579743082,-1.2586893471320693,-0.42496712337202786,-1.55236660583651,3
-1.1399643672670634,-0.4066244592093508,0.0003385289407995203,-0.020030073207056513,-0.019957202213885243,0.2928879435646128,0.16652659845290246,3
-0.6079683506147533,0.04128415321223238,2.466123394098566,1.152762659403211,-1.008112016775678,-0.606637869249923,-1.9422068169928193,3
-0.6074137726058445,0.21147418986435443,2.3975205990371946,1.3728631891771315,-0.898003570430115,-0.8978371957153731,-2.400461795469649,3
-0.5754833376282178,0.10601043814828097,2.431353008190814,1.2167919882653178,-0.16991076770478244,-0.7097418852088054,-2.2392827265332627,3
-0.5790138471700794,0.26087260782011656,2.480617265014568,1.569279478690037,-0.05935355739991373,-1.0872680283256178,-2.95276793140995,3
-0.5687384341094868,0.3257503600971419,2.5086790428435295,1.4874398293796853,-0.38360950596149623,-1.0848364683332032,-2.7865491681185035,3
-0.5782882132347975,0.43239093320648286,2.394128392189174,1.5843285327920336,-0.15270530582555983,-1.2483904584418788,-2.9406293205699567,3
-0.5542537662477425,0.48043639042327746,2.3512764737395457,1.7659876899866964,0.7000376034341763,-1.4366190350786,-3.1946512656299624,3
-0.536223000641311,0.6810826626709449,1.996458165797645,1.9370202896684692,2.0131590112515334,-1.7584671278396375,-2.7095134823286706,3
-0.5387166052041609,0.6716556075937428,2.053935081497152,2.0486859197099814,2.048886020135837,-1.8473810797166481,-3.02055871703363,3
-0.5470603207331491,0.630563868973217,1.9882891813231514,1.8119028420718661,1.5905276078334118,-1.6041518311113308,-2.6876466878778587,3
-1.117420190695734,-0.4217634821178043,0.022619274457081718,-0.023380112401739008,-0.014935496806953656,0.2972424333115722,0.16576590859515525,3
-0.5556242994110758,1.0130981739233154,1.9105819125475139,2.2351571486367043,1.7785774389560611,-2.3280884324429962,-3.5173709582144275,3
-0.5653391218176574,0.7270485613860931,1.900779423488646,1.9584863504104548,2.19852669761697,-1.81693162089968,-2.5273045847803313,3
-0.5643476789559623,1.0240201650050627,1.6175166859185968,2.0628800023528266,2.2953950784465964,-2.1676375436427575,-2.429945962329854,3
-0.5911858132811161,1.0678962711136109,1.4099951103050383,2.336284134108943,2.842601026035108,-2.4672443678524263,-2.3465778131062884,3
-0.539914307567784,0.9078732073780231,1.843839209810569,1.9409929328186348,2.2578862704974814,-1.941917518098643,-2.3694865711272812,3
-0.5597686851170085,0.9832042807346434,1.4336331163523741,2.0379666260438323,2.7227604334479736,-2.0858206069195173,-1.564891805392891,3
-0.5440770294759649,1.5115645496596561,1.3726916557580404,2.444729793354541,3.3966197637088813,-2.9374726899077865,-1.8277954254681688,3
-0.5371640022714832,1.881387664670721,0.992194602557024,2.875232403114671,4.216547987622852,-3.7522773666343534,-0.2505998131208078,3
-0.544889858528357,2.3903024791649923,0.7938351025616692,3.1546946443047776,4.345861495091162,-4.509966875799616,0.8941662342184074,3
-0.5617557437904666,2.259733328061495,0.7101457061725933,3.0776973914618604,3.572134054113036,-4.320687295804113,2.14667952917555,3
-1.12092719404739,-0.40981168084913927,0.02955462190432924,-0.02849153808355042,-0.020934013797425856,0.29528026425944154,0.16795965015238756,3
-0.5718599734676462,2.4137604891572435,0.5641302894438058,3.046975709191354,3.3932152511531823,-4.417353242538782,1.839759443925687,3
-0.5659006906940919,1.7398220732489944,1.0085369695242878,2.8525327172548574,3.912717359384286,-3.6099655298174773,1.56584494873888,3
-0.5726497562987409,1.7167458899496932,1.051209368135144,2.813039381936981,3.3834817026909803,-3.5243240904282325,2.500861640156455,3
-0.5907905373290069,1.1295052778196668,1.1221540101084817,2.3706569378796023,2.5035704112851067,-2.536727439077412,2.423888864626673,3
-0.5776843308258055,0.7157371474899225,1.435462673422343,2.0525769815081913,1.8612983457670769,-1.8476277320701144,2.6166778276419866,3
-0.5988895976835678,0.8061068323285208,1.5637657079407856,2.042228848673619,1.3792823862898715,-1.9419431336998765,3.0088028820241104,3
-0.599332552250736,0.32197906198907855,1.7615249404025815,1.7210602379327626,0.7331781641327226,-1.2281071704954702,2.765364874461008,3
-0.5994592335680189,0.34425389162876124,1.8275397389028223,1.7035141598655914,0.22809573427186125,-1.2353195872479248,2.8779972473200943,3
-0.6207812581991733,0.14289324532357986,2.017681241914603,1.6028509675396376,-0.4585210265684357,-0.9710821414129364,2.7956231897740484,3
-0.6243848318448878,0.05980427517881693,2.0862723556571896,1.5763460721396154,-1.109361647338363,-0.8621756949112033,2.6216535557942717,3
-1.117002581851588,-0.42154172218004077,0.019782926018953217,-0.01486775590511443,-0.0028688096401987134,0.29640171794250547,0.16165912085525283,3
-0.6194343023295634,0.015232962101640785,2.07544856802422,1.5901350378137429,-1.5899843971372356,-0.827140983042979,2.411129436094076,3
-0.633693002444317,0.005531139320604912,2.097003851891493,1.531778464614098,-1.5745003032949896,-0.7893726432828855,2.3024124719140113,3
-0.6292324638702038,-0.040666675436292085,2.223712655336638,1.5013088719697176,-1.8391076452418715,-0.7277151978597896,2.11973976826142,3
-0.6270766798858435,-0.07885427554587222,2.26898764633398,1.447818812640389,-2.071778945758791,-0.652234728072192,1.7898807862708066,3
-0.6343494402352003,-0.18633025948354215,2.390913421683499,1.2449431987898634,-2.1412866301940907,-0.43299538473406957,1.1262882464011992,3
-0.6263494279962729,-0.19424459746434192,2.4445929515213027,1.2257101276082973,-2.2451769294405213,-0.4175899320269834,0.8747719913496451,3
-0.6236195364799653,-0.251024936175204,2.456222006225628,1.1340412174203438,-2.134262408829762,-0.3084397733582333,0.694932871790807,3
-0.620797229238097,-0.23823976014245635,2.56854905048681,1.156423306878563,-2.308595982291023,-0.33095532497698305,0.311306932798627,3
-0.6208910845613105,-0.29579553727848357,2.395962590295028,0.9641807972769528,-1.8701199669633206,-0.17874006093845862,-0.4065895188532905,3
-0.6186943128868918,-0.2089560169045671,2.45881822271372,1.0855618197001367,-2.136245983028829,-0.3033454423980165,-0.2785313595514034,3
-1.1254428914194214,-0.41776559523474593,0.019261114739601494,-0.013788285117783983,-0.002088268473669638,0.2944742324844282,0.16159497447766602,3
-0.6396439462270677,-0.17431645250854091,2.4297547040530727,1.121087863177463,-2.0132587395067167,-0.38654262541081147,-0.867593412719851,3
-0.6396639452518702,-0.23986081296720055,2.2725280852059573,0.9584416344477551,-1.6000946609277567,-0.22102206980483272,-0.9152218114832079,3
-0.6379867599863721,-0.029160286660489487,2.09565613900279,1.2599289989198725,-1.588616992571865,-0.5798152610209517,-1.6289515365002183,3
-0.6397099902783078,0.07136653978313336,1.8906220918223022,1.447669966476514,-1.6000069421470713,-0.7667537747395832,-1.9314069861972731,3
-0.6499882047625702,0.014516739849786464,1.941768114284695,1.3085258792379184,-1.5496343739266227,-0.643131246626219,-1.687459154231723,3
-0.6319456973533444,-0.0601536441541649,2.0226800736714545,1.1963770647055896,-1.1847293544557227,-0.5143255007250661,-1.748484107983576,3
-0.6683142507236508,0.07213649802110642,1.7018965727485036,1.247272908632058,-0.6706981772004614,-0.6725232158441068,-1.9151419018982505,3
-0.6494440700646078,0.2932960120075896,1.6215025821282574,1.5937542981407558,-0.44482135375039605,-1.0902628864260542,-2.5166760602307483,3
-0.6701255426378708,0.3794011080937285,1.6126730442536352,1.6230351851045273,-0.6595792519581994,-1.1843509247014508,-2.526877814836945,3
-0.6395686396428317,0.43698618288562563,1.6366135643169688,1.5523264010534812,-0.18418027107926582,-1.1922610562189124,-2.4736202354804577,3
-1.1272074831335825,-0.41053160584504744,0.011924209897962865,-0.00045433152692222437,-0.00013524951455638426,0.2873019864463898,0.1663258781628756,3
-0.6570822608016872,0.5915124632598908,1.4266516133780716,1.5658109306393826,0.11705639875788526,-1.3442440516240286,-2.3630541480483345,3
-0.6293959464044243,0.5851019853613458,1.5168700337480547,1.66678378518391,0.5057020719059637,-1.4239529681543157,-2.528994491924651,3
-0.6371226042199406,0.644129054564981,1.4103240684072909,1.5553557182824371,0.666262353709947,-1.3838641788515051,-2.2177978705369905,3
-0.6474535196391982,0.6250276599546194,1.4386664371103515,1.6435028660785354,1.0077147657200984,-1.455595951819766,-2.255946543920617,3
-0.6328549506641814,0.9386417221316092,1.292157889614389,1.9120288763667777,1.1635559024080109,-1.942642469537292,-2.575431537200672,3
-0.6275472122939255,0.8759478376779049,1.382189903221999,1.8083899693126229,1.2295155555600963,-1.7995399306589324,-2.4168403969059837,3
-0.6251962749729512,1.1004676252490868,1.264582562550588,2.021714060149508,1.1114320448921629,-2.1617873490863144,-2.783796940826025,3
-0.5993339208000525,1.1506677965479488,1.2502023945155933,2.124689009866823,2.0073091710126096,-2.3219649558199653,-2.4263071741098994,3
-0.6135338103899084,1.115586772321771,1.1797532876752084,2.0193686703091567,2.109055916213942,-2.1946404553117276,-1.9873523252698928,3
-0.6066338694557836,1.0686503557374891,1.4120743570251517,1.9953621628552365,1.4275615788937828,-2.117151136520609,-2.7122863339189465,3
-1.125437923486784,-0.3947808650657174,-0.0054994877479972335,0.06116480766179002,0.05400831104111934,0.27016241373386185,0.15029094045130786,3
-1.1614604545138962,-0.4232549462402373,-0.03984504943735125,-0.06778915963026136,-0.024665446587635323,0.31153866768761196,0.13751331816621665,3
-0.6177914499152465,1.1311689571488337,1.1940232383568141,2.049772247870677,2.039030971229998,-2.2399391074047506,-2.152159368742867,3
-0.6234046512912843,1.4509182160673495,0.9673348489013008,2.204949026179472,2.2998816055795057,-2.6555543837846782,-1.9396124500686223,3
-0.5880398078292327,1.3542159862871725,1.1168455492670062,2.05093798193297,2.3523869171490537,-2.414265195679653,-1.6828257866917034,3
-0.6181764012106592,1.2241257848691998,1.0398252906118428,2.1085911389856964,2.532257832738269,-2.3723596993233964,-1.4462367125488518,3
-0.6109133729405872,1.1594956515944541,1.0525324913857033,2.0091011381426176,2.5271005008695973,-2.215683139148858,-1.1132440901538847,3
-0.587643161313013,1.6682901645569355,0.933545908924291,2.226573102432746,2.736884511324473,-2.8452298166827745,-1.2402252465300427,3
-0.5959980156492457,1.4843115539515792,1.0276770078342425,2.239554348862132,2.5878685387088054,-2.7209683595751084,-1.7547543173932885,3
-0.611572802562889,1.378075010699074,1.0300186592595089,2.0845002118329345,2.523679787022328,-2.4658424135024544,-1.3589736008911144,3
-0.5897612369713493,1.7955378708536898,0.8798297569428217,2.5111506998678714,3.300728654556925,-3.2781527791480265,-0.8992939721772091,3
-0.5884252109177893,2.3452236846109726,0.5995296880214892,2.592166105244553,3.1800573411498427,-3.7858465768812257,0.09687884168709601,3
-1.1479229789332999,-0.4054106830631997,-0.022298154521238664,0.0040191294304265475,0.02094977783876851,0.2875939536239422,0.1428031680465135,3
-0.5691291505652433,2.148780097071465,0.739352555200603,2.67925657022846,3.2223291423829674,-3.696986076053554,1.446321259152455,3
-0.5986268000505466,1.4374868922892914,0.9317339808802175,2.21725665696214,1.2916540837367314,-2.52469942584797,2.7576123178105014,3
-0.6162365185404769,1.44170788671805,0.9806718690928266,2.3016331302237654,1.3364445551753144,-2.655832461350553,2.949999161629314,3
-0.623470107576695,1.016851221114071,1.1838078638574416,2.1249206521081647,0.8415278614136924,-2.123766427999745,3.036036259248676,3
-0.6230848855163347,0.5870969491865289,1.4473224815120738,1.8925813107463312,-0.12190792290537796,-1.5304524053358686,2.9879775082603026,3
-0.6387818423508865,0.24312061292042064,1.7130099826208034,1.5286046360060488,-0.8693861722309938,-0.9465482031154324,2.3974774289258627,3
-0.6219126755302232,0.19186984604029877,1.83529267844509,1.609711082279966,-1.484093526362606,-0.9329993549968066,2.361984908813796,3
-0.6319048690117599,-0.05360862922065388,1.9109982910449075,1.504419384602636,-1.7237275306920254,-0.6599425868860882,2.0163627729113176,3
-0.6529521036287,0.01088771806950509,1.9304679649271381,1.4658989597826526,-1.9422795731467137,-0.6861315897374881,1.735917763948328,3
-0.6412540475306323,-0.14828491773628052,2.143022063379933,1.390407234018995,-2.1500528122366713,-0.5024652901645277,1.4260215774778722,3
-1.1450807492424813,-0.3938599073970734,-0.025824841371280393,0.017082890304601923,0.02096340667859755,0.27822208820713434,0.15030997986619665,3
-0.6304695880035933,-0.23644947647245837,2.1228716901564617,1.2187515559186899,-2.0174181381183662,-0.2982716200600261,1.0296357762374815,3
-0.6249647385425069,0.05273135750755131,2.2345746443353076,1.6511317294761174,-2.573680281327375,-0.8436517586595043,1.7844969524934724,3
-0.6359842907673101,-0.10139549850352016,1.9049441729992178,1.431082292551105,-2.119112944497915,-0.5154213463751749,1.401313502643292,3
-0.6506979413451557,-0.1730827290495382,1.7099545091831192,1.3569947647938154,-1.9611986980831193,-0.37317018530036894,1.2317470196135054,3
-0.6453610778135327,-0.15364293482507113,1.9554222180753584,1.5991911900922593,-2.7717716243950274,-0.4974656470912548,0.8307140938072345,3
-0.6520093674651721,-0.26204373087499516,1.995064638944678,1.5945679267849724,-2.885423324576073,-0.44402288392680683,0.3735116830149337,3
-0.6707249173423238,-0.2977025574698938,1.8674156652687108,1.5240671670622201,-2.658212379983921,-0.3688328246020226,0.5133485585538723,3
-0.6636286602708131,-0.34097407224219334,1.844131723795994,1.6874863747764242,-2.9900361441779753,-0.36279309520019376,0.23329794330244838,3
-0.64722941922108,-0.3839654484385796,1.9121009763117276,1.7531769733605376,-2.8367236051960645,-0.3365110644152163,-1.3480881937925753,3
-0.656793765050138,-0.33733506945193736,1.6540008832529,1.7756749350854428,-2.2984657077139943,-0.3899680932439663,-1.91411948664971,3
-1.142313581203255,-0.3907618901794816,-0.027262540319457847,0.012818645932651813,0.018543589521056277,0.27729122356445934,0.14960730693538643,3
-0.6647946731340886,-0.1782499259392407,1.4036436532435876,1.7263087890627584,-0.9921052686705523,-0.5237165767506686,-2.481202969015543,3
-0.6479615507448596,0.5464944631319499,1.1079304452521543,2.280646636749343,0.7503398711351066,-1.6550635936848315,-3.23150836643097,3
-0.6214131037610023,1.2987551281903909,0.7101752692882631,2.619132669305553,2.4938579339001365,-2.690236303473102,-2.2842935590120064,3
-0.6411097011345391,1.4776702509668858,0.7152519558372201,2.528107932684297,3.212082564461185,-2.7993741364651106,-0.41278525276817846,3
-0.6508587489665514,1.3083395264235669,0.907341340178054,2.3390327755614844,3.1616908840321614,-2.502930382777928,0.1892377416615814,3
-0.673921316486055,0.5020325837527265,1.0861489243175948,1.4367826132862087,1.839712128697924,-1.0893195690206448,0.4700209609438597,3
-0.661939521527859,0.288161888083176,1.5284820796820189,1.1912708052757388,1.4487988763004482,-0.7512150057484771,1.0274053323160264,3
-0.6637590905000756,0.42799423787551405,1.8761746148651781,1.2467764715150718,0.9739487750504847,-0.8941751782709616,1.8081528968843277,3
-0.6761755111546769,0.292473532982732,2.0674817635870926,0.97664775075442,0.18732755998358572,-0.6391277709554603,1.7029145465311288,3
-0.6431563333047267,0.054590528509667904,2.342819601460731,0.8495010752491741,-0.05958210533873905,-0.4000003825528675,1.6025327121818342,3
-1.1426541333282376,-0.38631882069432816,-0.040295827205517304,0.009896123083307952,0.01888123413405499,0.27627648778869135,0.1441225031974783,3
-0.7017487672473727,-0.09410451145610607,2.1759765356462037,0.47299788976054935,-0.5736927811873006,-0.09776059833002372,0.8838692106061808,3
-0.6908381910984056,-0.07744364998643324,2.2409221566545274,0.3958391119806289,-0.6983893470130886,-0.0743765916683909,0.6864717872382229,3
-0.6766404647696346,-0.11356445164142964,2.444358664731388,0.48634574891805193,-1.0837064956864566,-0.11142795524274707,0.42538609977882863,3
-0.6804379314131016,-0.10089771960817627,2.370251200225452,0.5079240568341488,-1.166213612001877,-0.1342017685908094,-0.17956755358892074,3
-0.652106619101806,-0.03651205421829361,2.276309158559231,0.6491764219886486,-0.8613786244700684,-0.2555919564591091,-0.9902343077907784,3
-0.6584631734471116,0.15050974142508672,2.3171022011881948,0.9129936603755605,-0.8688790355975843,-0.5446076595454092,-1.487521258848867,3
-0.6517427984659916,0.17056812312148578,1.9437062459296275,0.9693660967485942,-0.47440153197176216,-0.5969682918812993,-1.5994378633251938,3
-0.6558390419683262,0.41604138422337306,1.5057672909157398,1.1849162241888487,0.6644520658514035,-0.9267336843980973,-1.6370646684857497,3
-0.6160957978997916,0.9800844208011773,1.1854051378996546,1.8045284085722246,1.9190394558782584,-1.8779975953099803,-1.6641678821983426,3
-0.6169373599644105,1.554931743328785,0.8347939183966877,2.2959068588273737,2.7602641617088883,-2.83588746550724,-1.2004352332420651,3
-1.1556344392427036,-0.4290471417566516,-0.017261773367076273,-0.08156417844849112,-0.008624364672711247,0.33362778770144397,0.12077950809200916,3
-0.6189654247254817,1.72340949187289,0.786775738758944,2.531590485400388,3.191026711271509,-3.2396283227531137,-0.9759979261527737,3
-0.5974506557089182,2.158163076787186,0.6702179540986297,2.72391299979388,3.419711280268096,-3.815818959842635,-0.7015223838653886,3
-0.5874865363284306,2.2019354842509467,0.6436068852239458,2.767781792559002,3.5248102008085294,-3.9173013909542824,0.012317691407792234,3
-0.5921490745508646,1.5958010044067863,0.8865376893262288,2.458874690248283,2.955157215842696,-3.0381789510402037,1.5948112667052758,3
-0.601798984523423,1.422885057338383,1.1868424723581792,2.4871217679737243,1.5087410847000728,-2.887997194493899,3.4811773633105947,3
-0.6467711849513557,1.1391527317627363,1.0139794634089778,2.2040875883820212,1.0283652154449814,-2.345881093339525,2.9419946513060506,3
-0.6440360618086503,0.8390151709481057,1.3799172668067088,2.046773326533173,0.03204862739488626,-1.9237877635968184,3.2092327368809133,3
-0.6382337343319852,0.15770287014044398,1.9006790115865755,1.4932198539306583,-1.2784003244546343,-0.8700943216232878,2.2711575567814726,3
-0.6428096508481251,-0.09698218183181247,2.223358488725966,1.194071050268694,-1.9063262628970814,-0.47099506407237784,1.2048335851195702,3
-0.6408430650661893,-0.28833600132565973,2.280666311352885,0.9830336712748302,-1.9160414758101918,-0.16773977558187936,-0.06596769923358518,3
-1.1561490049247414,-0.43894613463583937,-0.02904068483043253,-0.07872240841722614,-0.006190691231471028,0.33531473542995927,0.1176773787746572,3
-0.6291334192539211,-0.23888347245819788,2.3889475472307957,1.2342054793628474,-2.402041352840812,-0.3422815850564073,-0.14637506583217957,3
-0.666977525259083,-0.2372352273688688,2.253635669561498,1.2283354320015702,-2.219538037397854,-0.362947159970107,-0.7083343028895953,3
-0.6199336892509419,-0.23307516159742853,2.2198599414211984,1.2482036504328229,-1.6475261732800925,-0.3727145747205484,-1.616458489415805,3
-0.6452658536653515,-0.07063316625797701,1.9446351145740561,1.5006548730454965,-1.2037884716278773,-0.6845107894112011,-2.3106699415916783,3
-0.6656652016192278,0.09217456706911459,1.7470364911916558,1.584327375517689,-0.23034700753585005,-0.9087260949677741,-2.5916893422033653,3
-0.5885398183632955,0.5695327073676064,1.515455681430661,2.0614652008637813,2.0474674450658257,-1.7199779655003427,-2.537852830313242,3
-0.5931436481027063,1.024030523660062,1.2187664880241689,2.443467162691277,3.5841655345027634,-2.4996237376023376,-0.8879337824790363,3
-0.588110847086621,1.9712075220922451,0.7887376446371799,2.9993534586723802,3.907458582805736,-3.997709651309908,-1.3710894435154481,3
-0.6033630706970504,1.9530627857239835,0.7209737832694187,2.8859528643393992,3.755949918678289,-3.85082985304097,-0.7891793722383956,3
-0.5914116637592927,1.9848075559478473,0.8253886883656321,3.009970285946349,4.193533235038833,-4.038359917121578,0.5165283975097262,3
-1.149991385177133,-0.4376513300733833,-0.023846297735548937,-0.06644731706941473,-0.001159621536172656,0.3311118409304659,0.12095278307021654,3
-0.5845845013657531,1.582962981239419,1.025286911959202,2.5378029281260632,3.3497515161670783,-3.1374849118624892,1.473657631996187,3
-0.6139025142842716,1.4662340527434268,0.8094313933986821,2.4508334774010168,3.1282507609843715,-2.9416427568932026,0.852185777920258,3
-0.6012982759953269,1.260883103897217,1.0866857517303437,2.2219929049158935,2.604403046551698,-2.524861660408553,1.820393022720421,3
-0.6031715827143682,1.096165311678476,1.3471251933607458,2.2594909787922286,2.5056205307138972,-2.424821766195617,2.453936129258101,3
-0.6085315206721098,0.9642255405453657,1.5247926866059347,2.2127625133243782,2.039617992204297,-2.2635784697932926,2.956581407847357,3
-0.6102856031018733,0.9319883496907135,1.6806928405455706,2.1948723759395827,0.994798547886759,-2.214457162829975,3.5813631864430246,3
-0.577488287912194,0.6640328278424955,2.000117524646806,1.9186832294999205,0.8853206810465741,-1.7254809918368523,3.2826178815674476,3
-0.5978554358370743,0.3208892420140155,2.098223024966497,1.5844817558598507,-0.0742115790067607,-1.1434089124029658,2.8248351502177216,3
-0.5936534200880323,0.318643145112476,2.168438244846541,1.6922039117819692,-0.26772927315626666,-1.2233950109316911,3.0712935401136674,3
-0.6151377899937815,0.1548571427601687,2.429865392569089,1.6204669824773648,-1.1593994254364508,-1.0183618125876763,2.8881152965742705,3
-1.1361989038016476,-0.446351478628281,0.005934453802223368,-0.090907782756614,-0.01626823690654912,0.3403737534735923,0.12668600462349677,3
-0.6157802877673105,-0.020587811926364066,2.598635149470731,1.2296901014240416,-1.7007668460402445,-0.5994144635057167,1.7578834658419402,3
-0.6131008385653576,-0.12645614282086323,2.7252671425376866,1.1224069747965588,-2.1451107270812506,-0.4392014219447509,0.8660468893749683,3
-0.6153280163276769,-0.10184622711445886,2.776520288320726,1.1770050665334897,-2.439758385575662,-0.4882050653751918,-0.07734852836779707,3
-0.6262872205131271,-0.06716559262856737,2.6085824802258926,1.1361877133760623,-2.051141263461825,-0.5024942061991864,-0.9941333180913672,3
-0.6360806912527427,0.2508847306691172,2.575628148926981,1.5484249489860877,-2.19956603734444,-1.0506537040479842,-2.1194471009698175,3
-0.618707196758037,0.2830895257974093,2.5070819079385895,1.3465901167137684,-1.2546006355901043,-0.9413265446016894,-2.251475072064299,3
-0.6203332369487229,0.41039138966116984,2.0896529369610173,1.3855206958448703,0.09552310130380341,-1.0766507638084393,-2.400645065751831,3
-0.613976028362539,0.7451625901275482,1.6443100445566843,1.7330587610619494,1.665352038919367,-1.6256358093921295,-2.1842394048075153,3
-0.581668164521713,1.5671045469367764,1.0457179105318153,2.38411181667709,3.2319024052950627,-2.9249561736493943,-1.0395830342628594,3
-0.5781939084148329,1.8515605361296519,0.9335272840751834,2.645236363756027,3.7097014130992534,-3.4178388287986468,-0.3316304444561502,3
-1.1384713492485405,-0.43774800206482295,0.004354248992993855,-0.08374029918596045,-0.013782551034668194,0.33398645868546106,0.1282978015981735,3
-0.5730572093462211,1.9792659268373358,0.9260409029633008,2.710499583452614,3.609332928689949,-3.6174682759050554,1.3131460968020263,3
-0.5779516968655395,1.9337328216404457,0.9910956255077502,2.964879783553501,2.5237789622533806,-3.78868940879567,3.635131457518073,3
-0.5778480100712317,1.33556218488557,1.2770279279587688,2.6481006002912864,1.297066528417747,-2.8301893438479455,4.0065450533910925,3
-0.6095496026364868,0.46321926930448437,1.639724177244989,2.0782379731826413,-0.0296326184449652,-1.5067921529584039,3.481513019956583,3
-0.6018614066601184,0.20561141511249728,1.853918742858683,1.8472089539754442,-0.5001600260546115,-1.0740624795110454,3.1654035488992975,3
-0.6036284484109034,0.042764248575300805,2.105667950134829,2.0002693344099844,-2.21676859775203,-0.9874298730484774,3.0149672565581276,3
-0.5881874931427996,-0.3408629491624798,2.5240208476026385,1.6688090198189742,-3.2209446143942504,-0.38206673467501306,0.8931960970592407,3
-0.5923435268991696,-0.40872456677461244,2.5404390598492657,1.4247262894422574,-2.839214229816096,-0.17899023946654669,-0.13252314834642442,3
-0.5839068140827964,-0.15800550001370212,2.384562274503618,1.681529260086534,-2.626077089198694,-0.5786669374059478,-1.9168382855016186,3
-0.581644825504224,0.24862573403215935,1.8461508752687057,1.841342205249731,-0.7443542190894907,-1.0380716365454712,-3.0723757401427747,3
-1.1290574727394322,-0.39161412797881373,-0.014961653472161732,0.04934986505045155,0.04591803537575349,0.26939887392547807,0.14834167840571985,3
-1.1274639536869386,-0.41704163795489757,0.024234358904437668,-0.04101895693211415,-0.01596336782540874,0.30988593804442877,0.15712738890619396,3
-0.5760187385094246,1.0695347482854844,1.2719073944633326,2.4168560604890197,0.7638022797040456,-2.26503723597458,-3.656969084842222,3
-0.5680367905736163,1.144612113274924,1.4524183075436146,2.5323983748980776,0.9247383573820375,-2.48612280654148,-4.043529571527111,3
-0.5688999658960211,0.9700566876207243,1.6124792134177086,2.4904973782166486,0.12792518386937257,-2.264205154184488,-4.242304880437656,3
-0.5601472739451251,1.2710653173974815,1.3982193751506808,2.5076027838265516,0.8012602540248779,-2.539493590650417,-3.963480483964411,3
-0.5817980095053557,1.564303751813484,1.0547978699653593,2.495140550201723,2.489562106869893,-2.857987069955806,-2.612643208902988,3
-0.5860642521067645,2.3964684516652386,0.671616734727986,2.8508572548500677,3.19445447530527,-4.010077781901201,-1.8688637602684324,3
-0.5900745296229004,2.5165560415814023,0.5782031497196224,2.7670455257084576,3.412858620678098,-4.054502515273276,-0.2306996997743792,3
-0.5631554715877175,2.4311082402537694,0.868631652701149,2.7601382113191635,3.815655873560191,-3.995007951170035,0.46728836265451706,3
-0.5746420833722785,2.1628470904967227,0.9070212966997192,2.558374167314889,3.35123891581164,-3.543793723776439,1.1649322755707547,3
-0.5747738557636733,1.4778854333037967,1.4217171502254704,1.8222396559284897,2.257698002376756,-2.2011642177249966,1.5950721701359651,3
-1.1478887326166396,-0.39883083302023536,-0.007542165305194493,0.006541772663320334,-0.00409079273006857,0.2835151790114251,0.16904734496975135,3
-0.5706255521740897,1.070767397427089,1.6055112769152224,1.6460834066582675,1.814285332072769,-1.7494053872929447,1.843072167610955,3
-0.5581660490433051,0.8765464236397031,1.9448355529892845,1.3262491986137281,1.0116805875498682,-1.3310514747565827,1.9804480469411896,3
-0.5780817315753046,0.6760114586710847,2.0175146318021455,1.1262153116930593,0.6735056304877313,-1.0309548235585815,1.7967614549076076,3
-0.5948072656975926,0.5446363320602723,2.1312386304520006,0.9080716549242261,0.4308220776763683,-0.7521497116843764,1.546111714068871,3
-0.5903007150154852,0.375089302774762,2.582795849844764,0.8500939170411635,-0.10700007586376475,-0.6299449349491251,1.6689900062281169,3
-0.5916076979592164,-0.011723978296844502,2.8575888888582397,0.4318175674644158,-0.9698549839352115,-0.1419485204647805,0.6041373047883005,3
-0.5885463433702078,-0.08093040266484783,2.8992258729119147,0.6049887242497328,-1.4099245055249254,-0.16996281044236908,-0.2379521778684602,3
-0.5853698530852285,-0.03471478240059163,3.0217868634630993,0.7739293280911822,-1.5139199368134535,-0.29392952617762724,-0.8253698146331594,3
-0.5648555123488412,-0.025605990907969133,3.174297517893679,0.9282089677765146,-1.1545167668504839,-0.3661281926119391,-1.6322825299461823,3
-0.5253432045682896,-0.10095881953418455,3.157490980807959,1.1040162908859055,-0.3069070286726899,-0.3972151083736903,-2.261539029044594,3
-1.1442780739710985,-0.39014739088292705,0.0025703227770043618,0.01203172432941948,-0.0010515042080817142,0.2791265063751053,0.17215173609067716,3
-0.5590082860807449,0.024018207820908945,2.5542729414004617,1.2872195776158937,0.6377967794733388,-0.661187283121399,-2.3063081654272897,3
-0.5443484706052479,0.12439014237669523,2.399335675184104,1.6443933034413418,1.7238780810939374,-0.9902437861027408,-2.474813363458824,3
